[
  {
    "Id": "807189",
    "ThreadId": "347758",
    "Html": "\r\n<p>Hi all;</p>\r\n<p>I would love to try and use this tool...but I can't!&nbsp; Windows 2008, .net 3.5 installed....these controls are not appearing in the dialogue window.&nbsp; Any input appreciated!~</p>\r\n<p>&nbsp;</p>\r\n<p>Troy</p>\r\n",
    "PostedDate": "2012-03-07T15:51:00.52-08:00",
    "UserRole": null,
    "MarkedAsAnswerDate": null
  },
  {
    "Id": "807262",
    "ThreadId": "347758",
    "Html": "\r\n<div dir=\"ltr\">\r\n<div style=\"font-family:'Calibri'; color:#000000; font-size:12pt\">\r\n<div>press the ALT key? </div>\r\n<div></div>\r\n<div style=\"font-style:normal; display:inline; font-family:'Calibri'; color:#000000; font-size:small; font-weight:normal; text-decoration:none\">\r\n<div style=\"font:10pt tahoma\">\r\n<div></div>\r\n<div style=\"background:#f5f5f5\">\r\n<div style=\"\"><b>From:</b> [email removed] </div>\r\n<div><b>Sent:</b> Wednesday, March 07, 2012 3:51 PM</div>\r\n<div><b>To:</b> [email removed] </div>\r\n<div><b>Subject:</b> File / Edit / Help controls missing [XPathVisualizer:347758]</div>\r\n</div>\r\n</div>\r\n<div></div>\r\n</div>\r\n<div style=\"font-style:normal; display:inline; font-family:'Calibri'; color:#000000; font-size:small; font-weight:normal; text-decoration:none\">\r\n<p>From: tstoneami</p>\r\n<div id=\"ThreadNotificationPostBody\">\r\n<p>Hi all;</p>\r\n<p>I would love to try and use this tool...but I can't! Windows 2008, .net 3.5 installed....these controls are not appearing in the dialogue window. Any input appreciated!~</p>\r\n<p></p>\r\n<p>Troy</p>\r\n</div>\r\n</div>\r\n</div>\r\n</div>\r\n",
    "PostedDate": "2012-03-07T20:12:05.157-08:00",
    "UserRole": null,
    "MarkedAsAnswerDate": null
  },
  {
    "Id": "851987",
    "ThreadId": "347758",
    "Html": "<p>The option to hide the menubar with the ALT key is very welcome, but it would be less confusing if this function is not initialised at the proigram start with \"hide it\". I have a slippery memory and if I've not used this tool for some weeks, I&nbsp;often ask myself at the first program start: \"How the f*** can this Menu bar made visible?\"&nbsp;- It takes always some annoying time to figure it out. This is just a suggestion for&nbsp;a future version. Thanks in advance.</p>\r\n<p>Tom&nbsp;</p>",
    "PostedDate": "2012-06-21T01:07:56.9-07:00",
    "UserRole": null,
    "MarkedAsAnswerDate": null
  },
  {
    "Id": "852323",
    "ThreadId": "347758",
    "Html": "\r\n<div dir=\"ltr\">\r\n<div style=\"font-family:'Calibri'; color:#000000; font-size:12pt\">\r\n<div>Thanks, Tom, for the constructive feedback. </div>\r\n<div>-Dino</div>\r\n<div></div>\r\n<div style=\"font-style:normal; display:inline; font-family:'Calibri'; color:#000000; font-size:small; font-weight:normal; text-decoration:none\">\r\n<div style=\"font:10pt tahoma\">\r\n<div></div>\r\n<div style=\"background:#f5f5f5\">\r\n<div style=\"\"><b>From:</b> [email removed] </div>\r\n<div><b>Sent:</b> Thursday, June 21, 2012 1:08 AM</div>\r\n<div><b>To:</b> [email removed] </div>\r\n<div><b>Subject:</b> Re: File / Edit / Help controls missing [XPathVisualizer:347758]</div>\r\n</div>\r\n</div>\r\n<div></div>\r\n</div>\r\n<div style=\"font-style:normal; display:inline; font-family:'Calibri'; color:#000000; font-size:small; font-weight:normal; text-decoration:none\">\r\n<p>From: tomkline</p>\r\n<div id=\"ThreadNotificationPostBody\">\r\n<p>The option to hide the menubar with the ALT key is very welcome, but it would be less confusing if this function is not initialised at the proigram start with &quot;hide it&quot;. I have a slippery memory and if I've not used this tool for some weeks, I often ask\r\n myself at the first program start: &quot;How the f*** can this Menu bar made visible?&quot; - It takes always some annoying time to figure it out. This is just a suggestion for a future version. Thanks in advance.</p>\r\n<p>Tom </p>\r\n</div>\r\n</div>\r\n</div>\r\n</div>\r\n",
    "PostedDate": "2012-06-21T13:10:40.377-07:00",
    "UserRole": null,
    "MarkedAsAnswerDate": null
  },
  {
    "Id": "1007063",
    "ThreadId": "347758",
    "Html": "I second the concerns here... I would have never though of hitting the alt key. Maybe at least update the documentation at the top. Luckily I came to the discussion and figured it out instead of uninstalling and moving on thinking it was a bad build.<br />\nAlso, don't make your help window modal.<br />\n",
    "PostedDate": "2013-02-26T09:34:57.303-08:00",
    "UserRole": null,
    "MarkedAsAnswerDate": null
  },
  {
    "Id": "1093417",
    "ThreadId": "347758",
    "Html": "<strong>MarkusAnthony wrote:</strong><br />\n<blockquote>\nI second the concerns here... I would have never though of hitting the alt key. Maybe at least update the documentation at the top. Luckily I came to the discussion and figured it out instead of uninstalling and moving on thinking it was a bad build.<br />\nAlso, don't make your help window modal.<br />\n</blockquote>\nYeah, I agree - very confusing that the menu bar is hidden by default, if I hadn't bothered to come along and read this thread it would have been uninstalled as a bad app.\r<br />\n<br />\nI would modify your build to show the menu bar as default, that's the first thing that winds me up about the IE default as well.... gimme my fricking menu bar back!<br />\n",
    "PostedDate": "2013-09-17T01:16:24.847-07:00",
    "UserRole": null,
    "MarkedAsAnswerDate": null
  }
]