[
  {
    "Id": "1339252",
    "ThreadId": "576931",
    "Html": "I installed this application without incident, but when I tried to do any xpath queries against a loaded XML document nothing happened. The only indication that it tried to do anything at all was the message provided in the status bar at the bottom of the page\r<br />\n<br />\n&lt;query&gt;: Zero nodes selected.\r<br />\n<br />\nIt did not matter what I used for the query. It would not even select the root node &quot;/&quot;.\r<br />\n<br />\nI don't have time to figure out what is going on but I thought I would at least let you know.<br />\n",
    "PostedDate": "2015-01-05T16:27:37.573-08:00",
    "UserRole": null,
    "MarkedAsAnswerDate": null
  }
]