[
  {
    "Id": "559600",
    "ThreadId": "244366",
    "Html": "\r\n<p>If I paste in a bunch of html I got from online, chances are it's going to be malformed in some way. It would be great if this tool could handle it anyways. Thoughts?</p>\r\n",
    "PostedDate": "2011-02-02T10:54:52.423-08:00",
    "UserRole": null,
    "MarkedAsAnswerDate": null
  },
  {
    "Id": "595311",
    "ThreadId": "244366",
    "Html": "<p>You might want to run it through htmltidy first.</p>\r\n<p>&nbsp;</p>",
    "PostedDate": "2011-04-11T07:13:07.927-07:00",
    "UserRole": null,
    "MarkedAsAnswerDate": null
  }
]