[
  {
    "Id": "601564",
    "ThreadId": "254950",
    "Html": "\r\n<p>When I select text in the loaded document and hit the copy keyboard shortcut it causes a document reload.</p>\r\n<p>I'm testing with&nbsp;a large document and this eats a lot of time. Can you optimize the code not to reload unless the document is changed?</p>\r\n",
    "PostedDate": "2011-04-22T08:36:08.84-07:00",
    "UserRole": null,
    "MarkedAsAnswerDate": null
  },
  {
    "Id": "601759",
    "ThreadId": "254950",
    "Html": "This discussion has been copied to a work item. Click <a href=\"http://xpathvisualizer.codeplex.com/workitem/6516\">here</a> to go to the work item and continue the discussion.",
    "PostedDate": "2011-04-22T16:46:05.717-07:00",
    "UserRole": null,
    "MarkedAsAnswerDate": null
  },
  {
    "Id": "601760",
    "ThreadId": "254950",
    "Html": "<p>Good suggestion.&nbsp; I'll look into it.</p>",
    "PostedDate": "2011-04-22T16:49:33.693-07:00",
    "UserRole": null,
    "MarkedAsAnswerDate": null
  }
]