[
  {
    "Id": "430961",
    "ThreadId": "209331",
    "Html": "<p>Hello again,</p>\r\n<p>I brought up this discussion some time ago via the issue tracker.</p>\r\n<p>I asked about a functionality to extract all nodes matching the XPath expression to e.g. paste them into new file via an editor, or to replace the current XML document by these selected nodes.</p>\r\n<p>I just tested another XML related codeplex project named XML Explorer (<a href=\"http://xmlexplorer.codeplex.com\">http://xmlexplorer.codeplex.com</a>) and it has such a functionality.<br>It opens just a new tab containing the selected nodes allowing to copy/cut/save them or to do a next XPath selection.</p>\r\n<p>May be it could worth taking a look at this and to introduce this in the XPathVisualizer?</p>\r\n<p>Thanks in advance for taking part within this discussion!</p>\r\n<p>Best regards,</p>\r\n<p>Martin Lemburg</p>",
    "PostedDate": "2010-04-14T08:01:28.573-07:00",
    "UserRole": null,
    "MarkedAsAnswerDate": null
  },
  {
    "Id": "431095",
    "ThreadId": "209331",
    "Html": "<p>Yes, I remember you asked for this function, Martin.</p>\r\n<p>I will take a look.&nbsp;&nbsp; What version of XML Explorer includes this capability?&nbsp; Do I need the .NET Framework 4.0?&nbsp;</p>\r\n<p>Also, don't take this the wrong way, but... I want to ask....&nbsp; &nbsp;if XML Explorer does what you want.... , then why do you want the feature in XPathVisualizer?</p>\r\n<p>Thanks,</p>\r\n<p>-Dino</p>\r\n<p>&nbsp;</p>",
    "PostedDate": "2010-04-14T12:09:02.08-07:00",
    "UserRole": null,
    "MarkedAsAnswerDate": null
  },
  {
    "Id": "431097",
    "ThreadId": "209331",
    "Html": "<p>ps: I really like the tabbed interfacte on XML Explorer - it looks very professional.</p>\r\n<p>&nbsp;</p>",
    "PostedDate": "2010-04-14T12:12:38.617-07:00",
    "UserRole": null,
    "MarkedAsAnswerDate": null
  },
  {
    "Id": "431328",
    "ThreadId": "209331",
    "Html": "<p>Hello Cheeso,</p>\r\n<p>I like small fingerprint of XPathVisualizer, which could be (not thinking of the dependencies to .NET) made &quot;portable&quot;.</p>\r\n<p>The XML Explorer was long time in a very &quot;unstable&quot; state! Now the version 4 is coming, not really bringing really new features, but a complete reworked UI and hopefully more stability!</p>\r\n<p>So ... I have XPathVisualizer on my USB Stick to work with it, because it's handling is simple, the way to work with XPath results is easy, even if I have still thoughts for improvements.</p>\r\n<hr>\r\n<p>Back to your question, if you need XML Explorer 4 with .NET 4 - I don't know, because I never looked it its sources, neither I asked the author.<br>But ... this feature is quit old, so I expect it should work with .NET 3.+ or even with .NET 2.</p>\r\n<p>Perhabs you could ask him, - if the sources are not clean enough organized to see it.</p>\r\n<hr>\r\n<p>Thanks for your engagement!</p>\r\n<p>Best regards,</p>\r\n<p>Martin</p>",
    "PostedDate": "2010-04-15T01:38:55.67-07:00",
    "UserRole": null,
    "MarkedAsAnswerDate": null
  },
  {
    "Id": "431605",
    "ThreadId": "209331",
    "Html": "<p>Ah, I understand.&nbsp;</p>",
    "PostedDate": "2010-04-15T11:51:19.69-07:00",
    "UserRole": null,
    "MarkedAsAnswerDate": null
  },
  {
    "Id": "432715",
    "ThreadId": "209331",
    "Html": "<p>Hello, Martin,</p>\r\n<p>I've updated XPathVisualizer with a new &quot;Extract&quot; capability.</p>\r\n<p>Tell me what you think.&nbsp; You need v1.2.1.0 to see it.</p>\r\n<p>&nbsp;</p>\r\n<p>&nbsp;</p>",
    "PostedDate": "2010-04-19T07:16:17.403-07:00",
    "UserRole": null,
    "MarkedAsAnswerDate": null
  },
  {
    "Id": "432729",
    "ThreadId": "209331",
    "Html": "<p>Thanks Cheeso for implementing this new feature and the tabs!</p>\r\n<p>Only &quot;one&quot; comment or suggestion - if attributes are selected via a XPath expression like <a>&quot;//@*[string-length() &gt; 5]</a>&quot;, than extracting this selection results will last in something not really usable - a simply concatenated string below the root node in this way:</p>\r\n<p>&nbsp;&nbsp;&nbsp; &lt;root&gt;attribute1Name=&quot;attribute1Value&quot;attribute2Name=&quot;attribute2Value&quot;...attributeNName=&quot;attributeNValue&quot;&lt;/root&gt;</p>\r\n<p>Since XPathVisualizer does not handle attributes as nodes or objects while evaluating XPath expressions, why not handle them as nodes in an extraction result?</p>\r\n<p>&nbsp;&nbsp;&nbsp; &lt;root&gt;&lt;attribute1Name&gt;attribute1Value&lt;/attribute1Name&gt;&lt;attribute2Name&gt;attribute2Value&lt;/attribute2Name&gt;...&lt;attributeNName&gt;attributeNValue&lt;/attributeNName&gt;&lt;/root&gt;</p>\r\n<p>Or the original nodes are used:</p>\r\n<p>&nbsp;&nbsp;&nbsp; &lt;root&gt;<br>&nbsp;&nbsp;&nbsp;&nbsp;&nbsp;&nbsp; &lt;node1 attribute1Name=&quot;attribute1Value&gt;...<br>&nbsp;&nbsp;&nbsp;&nbsp;&nbsp;&nbsp;&nbsp;&lt;node2 attribute2Name=&quot;attribute2Value&quot; attribute3Name=&quot;attribute3Value&quot;&gt;...<br>&nbsp;&nbsp;&nbsp;&nbsp;&nbsp;&nbsp; ...</p>\r\n<p>I think to select only attributes the first extraction would be the finest, because it will enable to handle the attributes as XML data.</p>\r\n<p>What do you think?</p>\r\n<p>Best regards,</p>\r\n<p>Martin</p>",
    "PostedDate": "2010-04-19T07:57:48.697-07:00",
    "UserRole": null,
    "MarkedAsAnswerDate": null
  },
  {
    "Id": "432740",
    "ThreadId": "209331",
    "Html": "This discussion has been copied to a work item. Click <a href=\"http://xpathvisualizer.codeplex.com/WorkItem/View.aspx?WorkItemId=4285\">here</a> to go to the work item and continue the discussion.",
    "PostedDate": "2010-04-19T08:15:08.083-07:00",
    "UserRole": null,
    "MarkedAsAnswerDate": null
  },
  {
    "Id": "432757",
    "ThreadId": "209331",
    "Html": "<p>Martin your idea sounds reasonable.</p>\r\n<p>I put it into v1.2.1.1, which is now available.</p>\r\n<p>There are still some gotchas - for example if you have an Xhtml file, and you extract, it's possible to have entity references in the extracted portion.&nbsp; The DTD is not copied over to the extracted document, so those entities will be unknown, unless you manually add the XHTML DTD.</p>",
    "PostedDate": "2010-04-19T09:12:39.01-07:00",
    "UserRole": null,
    "MarkedAsAnswerDate": null
  }
]