[
  {
    "Id": "626413",
    "ThreadId": "261045",
    "Html": "\r\n<p>v1.3.0.5 is a very small update release.</p>\r\n<p>2 bugs fixed in this rev:</p>\r\n<ul>\r\n<li>the autohide feature that I put into v1.3.0.4?&nbsp; I yanked it back out.&nbsp; Now, to show the menustrip, just press and release the ALT key once.&nbsp; See workitem 6720.\r\n</li><li>The tool previously auto-trimmed spaces from the xpath expression.&nbsp; this was surprising, and so the tool no longer does that.&nbsp; workitem 6808.\r\n</li></ul>\r\n<p>&nbsp;</p>\r\n",
    "PostedDate": "2011-06-11T10:15:07.99-07:00",
    "UserRole": null,
    "MarkedAsAnswerDate": null
  }
]