[
  {
    "Id": "1039248",
    "ThreadId": "442524",
    "Html": "First, the installer kept saying &quot;Must install to local drive&quot; - I was specifying a custom folder in the Program Files directory.<br />\n<br />\nSo I extracted the contents with 7zip.<br />\n<br />\nThe program does not have the Menu bar mentioned in &quot;Home&quot; - and so there is no way t o load your xml file.  See screenshot.<br />\n<br />\n<br />\n<a href=\"http://imageshack.us/photo/my-images/692/screenshotxpathvisualiz.png\" rel=\"nofollow\">http://imageshack.us/photo/my-images/692/screenshotxpathvisualiz.png</a><br />\n",
    "PostedDate": "2013-05-03T19:40:30.517-07:00",
    "UserRole": null,
    "MarkedAsAnswerDate": null
  },
  {
    "Id": "1132627",
    "ThreadId": "442524",
    "Html": "Even after I let it install where it wanted to install, it still did not work.  No menus, no way to select a file to load.  It's still trash. <br />\n",
    "PostedDate": "2013-12-06T13:03:18.337-08:00",
    "UserRole": null,
    "MarkedAsAnswerDate": null
  }
]