[
  {
    "Id": "634723",
    "ThreadId": "263246",
    "Html": "\r\n<p>I forked the XPathParser portion of the project on github.</p>\r\n<p>Mainly I will be working on adding tests but I may add other parsing or collection features.</p>\r\n<p><a href=\"https://github.com/joefeser/XPathParser\">https://github.com/joefeser/XPathParser</a></p>\r\n",
    "PostedDate": "2011-06-29T05:33:08.683-07:00",
    "UserRole": null,
    "MarkedAsAnswerDate": null
  },
  {
    "Id": "666595",
    "ThreadId": "263246",
    "Html": "<p>cool, will be interesting to watch.</p>",
    "PostedDate": "2011-09-01T20:02:39.66-07:00",
    "UserRole": null,
    "MarkedAsAnswerDate": null
  },
  {
    "Id": "697410",
    "ThreadId": "263246",
    "Html": "<p>I made my own fork, whic is slightly more updated&nbsp;<a href=\"https://github.com/zippy1981/XPathVisualizer/commit/c5c57dcf24c7abdf2935bda0df0b4c9d9d64add3#diff-0\">https://github.com/zippy1981/XPathVisualizer/</a>. My future patches will be based on that.</p>",
    "PostedDate": "2011-11-12T13:17:19.433-08:00",
    "UserRole": null,
    "MarkedAsAnswerDate": null
  }
]