[
  {
    "Id": "697411",
    "ThreadId": "279223",
    "Html": "\r\n<p>Cheeso,</p>\r\n<p>Its easier to contribute multiple unrelated changes if you can commit, but I can understand how you would want to limit access to the repository switching to mecurial will allow anyone with a ccodeplex account to have their own fork.</p>\r\n<p>It might &nbsp;take you some time to get up to speed on Mecurial so I do understand if you would be hesitant to make the switch.</p>\r\n",
    "PostedDate": "2011-11-12T13:20:00.68-08:00",
    "UserRole": null,
    "MarkedAsAnswerDate": null
  },
  {
    "Id": "697569",
    "ThreadId": "279223",
    "Html": "<p>hi Zippy,</p>\r\n<p>Why would I want to switch?</p>\r\n<p>I don't understand this: \"Its easier to contribute multiple unrelated changes if you can commit\"</p>\r\n<p>What problem am I solving if I were to switch repositories?</p>\r\n<p>Right now I have&nbsp;7 projects on codeplex; they all use TFS.&nbsp; It seems to me mercurial is just a sideways change - it means I have to learn a new SCM system, figure out how it works with VS2010, figure out how it works from the command line, etc.&nbsp; Why would I want to do this?&nbsp; Is there something that you are having trouble with, using the existing TFS?</p>",
    "PostedDate": "2011-11-13T08:16:19.093-08:00",
    "UserRole": null,
    "MarkedAsAnswerDate": null
  },
  {
    "Id": "697595",
    "ThreadId": "279223",
    "Html": "<p>Cheeso,</p>\r\n<p>If you switch to mecurial, anyone with a codeplex account will be able to fork your repo with one click of a button.</p>\r\n<p>So lets just say I want to port XPathVisualizer to Mono, but I also want to run fxstylecop on the code. Both are long lived multi-commit projects (well I could do either in two days if it wasn't for my pesky dayob, but I digress). I am not a member of the project, so I can't make a TFS branch. However, if the project was in mecurial. I could fork it, and make two branches in my fork. You could pull from either one when they are ready, and I could pull periodically from your main branch.</p>\r\n<p>If I were to use TFS as a person with only read access I'd have all the changes in a bunch of&nbsp;uncommitted&nbsp;files in my checkout of your TFS tree.</p>",
    "PostedDate": "2011-11-13T11:00:48.623-08:00",
    "UserRole": null,
    "MarkedAsAnswerDate": null
  }
]