[
  {
    "Id": "209331",
    "Title": "Extraction of XPath selection results",
    "LatestDate": "2010-04-19T09:12:39.01-07:00"
  },
  {
    "Id": "244366",
    "Title": "Handle malformed xml",
    "LatestDate": "2011-04-11T07:13:07.927-07:00"
  },
  {
    "Id": "254950",
    "Title": "optimize document reloads",
    "LatestDate": "2011-04-22T16:49:33.693-07:00"
  },
  {
    "Id": "258978",
    "Title": "v1.3.0.4 ",
    "LatestDate": "2011-10-22T07:53:33.6-07:00"
  },
  {
    "Id": "261045",
    "Title": "v1.3.0.5",
    "LatestDate": "2011-06-11T10:15:07.99-07:00"
  },
  {
    "Id": "263246",
    "Title": "Project forked on Github",
    "LatestDate": "2011-11-12T13:17:19.433-08:00"
  },
  {
    "Id": "279223",
    "Title": "Can you move the project scm to Mecurial?",
    "LatestDate": "2011-11-13T11:00:48.623-08:00"
  },
  {
    "Id": "347758",
    "Title": "File / Edit / Help controls missing",
    "LatestDate": "2013-09-17T01:16:24.847-07:00"
  },
  {
    "Id": "442524",
    "Title": "The Application is Out of Whack",
    "LatestDate": "2013-12-06T13:03:18.337-08:00"
  },
  {
    "Id": "576931",
    "Title": "Application does not work...",
    "LatestDate": "2015-01-05T16:27:37.573-08:00"
  },
  {
    "Id": "651264",
    "Title": "Richtextbox Ex issue",
    "LatestDate": "2016-02-14T01:48:13.583-08:00"
  }
]