[
  {
    "Id": "618141",
    "ThreadId": "258978",
    "Html": "\r\n<p>FYI</p>\r\n<p>I just posted v1.3.0.4.&nbsp; The only change with this one is some small code cleanup, deleting unused controls from the .Designer.cs module, and also adding one new UI feature: auto-hiding of the menustrip.&nbsp;</p>\r\n<p>It should be a nice &quot;invisible&quot; change - the menu disappears when you're not using it, making more real estate available for the app. Press ALT to make the menu appear.</p>\r\n<p>&nbsp;</p>\r\n",
    "PostedDate": "2011-05-25T09:14:05.967-07:00",
    "UserRole": null,
    "MarkedAsAnswerDate": null
  },
  {
    "Id": "624768",
    "ThreadId": "258978",
    "Html": "<p><span class=\"hps\" title=\"Нажмите, чтобы увидеть альтернативный перевод\">I</span>&nbsp;<span class=\"hps\" title=\"Нажмите, чтобы увидеть альтернативный перевод\">think</span>&nbsp;<span class=\"hps\" title=\"Нажмите, чтобы увидеть альтернативный перевод\">it would be</span>&nbsp;<span class=\"hps\" title=\"Нажмите, чтобы увидеть альтернативный перевод\">nice</span>&nbsp;<span class=\"hps\" title=\"Нажмите, чтобы увидеть альтернативный перевод\">to add the ability</span>&nbsp;<span class=\"hps\" title=\"Нажмите, чтобы увидеть альтернативный перевод\">to perform</span>&nbsp;<span class=\"hps\" title=\"Нажмите, чтобы увидеть альтернативный перевод\">logical</span><span class=\"hps\" title=\"Нажмите, чтобы увидеть альтернативный перевод\">expressions</span><span title=\"Нажмите, чтобы увидеть альтернативный перевод\">,</span>&nbsp;<span class=\"hps\" title=\"Нажмите, чтобы увидеть альтернативный перевод\">not just the</span>&nbsp;<span class=\"hps\" title=\"Нажмите, чтобы увидеть альтернативный перевод\">search</span>&nbsp;<span class=\"hps\" title=\"Нажмите, чтобы увидеть альтернативный перевод\">nodes.</span><br /><br /><span class=\"hps\" title=\"Нажмите, чтобы увидеть альтернативный перевод\">For example</span><br /><span class=\"hps\" title=\"Нажмите, чтобы увидеть альтернативный перевод\">/ / my: View1/my:</span>&nbsp;<span class=\"hps\" title=\"Нажмите, чтобы увидеть альтернативный перевод\">Membury</span>&nbsp;<span class=\"hps\" title=\"Нажмите, чтобы увидеть альтернативный перевод\">= \"User\"</span></p>",
    "PostedDate": "2011-06-08T07:59:22.49-07:00",
    "UserRole": null,
    "MarkedAsAnswerDate": null
  },
  {
    "Id": "624921",
    "ThreadId": "258978",
    "Html": "You know that you can use Xpath, right? You can specify predicates on your node selections.<br>\r\n<br>\r\nI don't know what you are intending with syntax like my:Membury=&quot;User&quot;, but look into XPath, it probably lets you do what you want.<br>\r\n<br>\r\n<hr id=\"stopSpelling\">\r\nFrom: [email removed]<br>\r\nTo: [email removed]<br>\r\nDate: Wed, 8 Jun 2011 07:59:29 -0700<br>\r\nSubject: Re: v1.3.0.4 [XPathVisualizer:258978]<br>\r\n<br>\r\nFrom: Izbyakov<br>\r\n<div id=\"ecxThreadNotificationPostBody\"><span title=\"???????, ????? ??????? ?????????????? ???????\">I</span>\r\n<span title=\"???????, ????? ??????? ?????????????? ???????\">think</span> <span title=\"???????, ????? ??????? ?????????????? ???????\">\r\nit would be</span> <span title=\"???????, ????? ??????? ?????????????? ???????\">nice</span>\r\n<span title=\"???????, ????? ??????? ?????????????? ???????\">to add the ability</span>\r\n<span title=\"???????, ????? ??????? ?????????????? ???????\">to perform</span> <span title=\"???????, ????? ??????? ?????????????? ???????\">\r\nlogical</span><span title=\"???????, ????? ??????? ?????????????? ???????\">expressions</span><span title=\"???????, ????? ??????? ?????????????? ???????\">,</span>\r\n<span title=\"???????, ????? ??????? ?????????????? ???????\">not just the</span> <span title=\"???????, ????? ??????? ?????????????? ???????\">\r\nsearch</span> <span title=\"???????, ????? ??????? ?????????????? ???????\">nodes.</span><br>\r\n<br>\r\n<span title=\"???????, ????? ??????? ?????????????? ???????\">For example</span><br>\r\n<span title=\"???????, ????? ??????? ?????????????? ???????\">/ / my: View1/my:</span>\r\n<span title=\"???????, ????? ??????? ?????????????? ???????\">Membury</span> <span title=\"???????, ????? ??????? ?????????????? ???????\">\r\n= &quot;User&quot;</span><br>\r\n</div>\r\n<div id=\"ecxThreadNotificationFooter\">Read the <a href=\"http://xpathvisualizer.codeplex.com/discussions/258978#post624768\" target=\"_blank\">\r\nfull discussion online</a>.<br>\r\nTo add a post to this discussion, reply to this email (<a href=\"mailto:XPathVisualizer@discussions.codeplex.com?subject=[XPathVisualizer:258978]\">XPathVisualizer@discussions.codeplex.com</a>)<br>\r\nTo start a new discussion for this project, email <a href=\"mailto:XPathVisualizer@discussions.codeplex.com\">\r\nXPathVisualizer@discussions.codeplex.com</a><br>\r\nYou are receiving this email because you subscribed to this discussion on CodePlex. You can\r\n<a href=\"https://xpathvisualizer.codeplex.com/subscriptions/thread/project/edit\" target=\"_blank\">\r\nunsubscribe or change your settings</a> on codePlex.com.<br>\r\nPlease note: Images and attachments will be removed from emails. Any posts to this discussion will also be available online at codeplex.com<br>\r\n</div>\r\n",
    "PostedDate": "2011-06-08T12:51:19.723-07:00",
    "UserRole": null,
    "MarkedAsAnswerDate": null
  },
  {
    "Id": "626826",
    "ThreadId": "258978",
    "Html": "<blockquote style=\"border: solid .1em #ccc; font-style: italic; margin: .25em 1em 0 1em; padding: 0 .25em 0 .25em;\"><strong>Cheeso wrote:</strong><br /> You know that you can use Xpath, right? You can specify predicates on your node selections.<br /> <br /> I don't know what you are intending with syntax like my:Membury=\"User\", but look into XPath, it probably lets you do what you want.<br /> <br /> \r\n<hr id=\"stopSpelling\" />\r\nFrom: [email removed]<br /> To: [email removed]<br /> Date: Wed, 8 Jun 2011 07:59:29 -0700<br /> Subject: Re: v1.3.0.4 [XPathVisualizer:258978]<br /> <br /> From: Izbyakov<br />\r\n<div id=\"ecxThreadNotificationPostBody\"><span title=\"???????, ????? ??????? ?????????????? ???????\">I</span> <span title=\"???????, ????? ??????? ?????????????? ???????\">think</span> <span title=\"???????, ????? ??????? ?????????????? ???????\"> it would be</span> <span title=\"???????, ????? ??????? ?????????????? ???????\">nice</span> <span title=\"???????, ????? ??????? ?????????????? ???????\">to add the ability</span> <span title=\"???????, ????? ??????? ?????????????? ???????\">to perform</span> <span title=\"???????, ????? ??????? ?????????????? ???????\"> logical</span><span title=\"???????, ????? ??????? ?????????????? ???????\">expressions</span><span title=\"???????, ????? ??????? ?????????????? ???????\">,</span> <span title=\"???????, ????? ??????? ?????????????? ???????\">not just the</span> <span title=\"???????, ????? ??????? ?????????????? ???????\"> search</span> <span title=\"???????, ????? ??????? ?????????????? ???????\">nodes.</span><br /> <br /> <span title=\"???????, ????? ??????? ?????????????? ???????\">For example</span><br /> <span title=\"???????, ????? ??????? ?????????????? ???????\">/ / my: View1/my:</span> <span title=\"???????, ????? ??????? ?????????????? ???????\">Membury</span> <span title=\"???????, ????? ??????? ?????????????? ???????\"> = \"User\"</span></div>\r\n<div id=\"ecxThreadNotificationFooter\">Read the <a href=\"http://xpathvisualizer.codeplex.com/discussions/258978#post624768\" target=\"_blank\"> full discussion online</a>.<br /> To add a post to this discussion, reply to this email (<a href=\"mailto:XPathVisualizer@discussions.codeplex.com?subject=[XPathVisualizer:258978]\">XPathVisualizer@discussions.codeplex.com</a>)<br /> To start a new discussion for this project, email <a href=\"mailto:XPathVisualizer@discussions.codeplex.com\"> XPathVisualizer@discussions.codeplex.com</a><br /> You are receiving this email because you subscribed to this discussion on CodePlex. You can <a href=\"https://xpathvisualizer.codeplex.com/subscriptions/thread/project/edit\" target=\"_blank\"> unsubscribe or change your settings</a> on codePlex.com.<br /> Please note: Images and attachments will be removed from emails. Any posts to this discussion will also be available online at codeplex.com</div>\r\n</blockquote>\r\n<p><span title=\"Это простое выражение просто для примера.\">This simple expression is just an example.&nbsp;<br /><br /></span><span title=\"Я имел ввиду возможность тестирования сложных логических выражений.\">I mean the ability to test complex logical expressions.&nbsp;</span><span title=\"Сейчас получается, что этого сделать нельзя, т.к.\">Now it turns out that this is impossible, because&nbsp;</span><span title=\"выражение обязательно должно выбирать ноды.\">expression have to choose node.&nbsp;<br /><br /></span><span title=\"Может быть это не такая уж и частая задача, но мне часто требуется написать сложные условия в очень больших XML документах.\">Maybe it's not such a common problem, but I often need to write complex conditions in a very large XML documents.&nbsp;</span><span title=\"И тестировать их не просто.\">And test them is not easy.&nbsp;<br /><br /></span><span title=\"И я подумал, что подобная возможность сделала бы продукт только лучше.\">And I thought that such a possibility would make the product even better.&nbsp;</span></p>",
    "PostedDate": "2011-06-13T04:19:16.307-07:00",
    "UserRole": null,
    "MarkedAsAnswerDate": null
  },
  {
    "Id": "626830",
    "ThreadId": "258978",
    "Html": "&gt; <span title=\"??? ??????? ????????? ?????? ??? ???????.\">This simple expression is just an example.\r\n<br>\r\n<br>\r\n</span><span title=\"? ???? ????? ??????????? ???????????? ??????? ?????????? ?????????.\">&gt; I mean the ability to test complex logical expressions</span><br>\r\n<span title=\"? ???? ????? ??????????? ???????????? ??????? ?????????? ?????????.\"></span><br>\r\n<span title=\"? ???? ????? ??????????? ???????????? ??????? ?????????? ?????????.\">But I don't understand what you are describing. I don't understand what you intend to illustrate with\r\n<em>my:Membury=&quot;User&quot;</em>. What exactly is a &quot;complex logical expression&quot;? and why can xpath not accomodate your requirements?\r\n</span><br>\r\n<span title=\"? ???? ????? ??????????? ???????????? ??????? ?????????? ?????????.\"></span><br>\r\n<span title=\"? ???? ????? ??????????? ???????????? ??????? ?????????? ?????????.\">A more detailed example might help clarify.\r\n</span><br>\r\n<br>\r\n<br>\r\n<hr id=\"stopSpelling\">\r\nFrom: [email removed]<br>\r\nTo: [email removed]<br>\r\nDate: Mon, 13 Jun 2011 04:19:19 -0700<br>\r\nSubject: Re: v1.3.0.4 [XPathVisualizer:258978]<br>\r\n<br>\r\nFrom: Izbyakov<br>\r\n<div id=\"ecxThreadNotificationPostBody\">\r\n<blockquote style=\"border-bottom:#ccc 0.1em solid; border-left:#ccc 0.1em solid; padding-bottom:0px; font-style:italic; padding-left:0.25em; padding-right:0.25em; border-top:#ccc 0.1em solid; border-right:#ccc 0.1em solid; padding-top:0px\">\r\n<strong>Cheeso wrote:</strong><br>\r\nYou know that you can use Xpath, right? You can specify predicates on your node selections.<br>\r\n<br>\r\nI don't know what you are intending with syntax like my:Membury=&quot;User&quot;, but look into XPath, it probably lets you do what you want.<br>\r\n<br>\r\n<hr id=\"ecxstopSpelling\">\r\nFrom: [email removed]<br>\r\nTo: [email removed]<br>\r\nDate: Wed, 8 Jun 2011 07:59:29 -0700<br>\r\nSubject: Re: v1.3.0.4 [XPathVisualizer:258978]<br>\r\n<br>\r\nFrom: Izbyakov<br>\r\n<div id=\"ecxThreadNotificationPostBody\"><span title=\"???????, ????? ??????? ?????????????? ???????\">I</span>\r\n<span title=\"???????, ????? ??????? ?????????????? ???????\">think</span> <span title=\"???????, ????? ??????? ?????????????? ???????\">\r\nit would be</span> <span title=\"???????, ????? ??????? ?????????????? ???????\">nice</span>\r\n<span title=\"???????, ????? ??????? ?????????????? ???????\">to add the ability</span>\r\n<span title=\"???????, ????? ??????? ?????????????? ???????\">to perform</span> <span title=\"???????, ????? ??????? ?????????????? ???????\">\r\nlogical</span><span title=\"???????, ????? ??????? ?????????????? ???????\">expressions</span><span title=\"???????, ????? ??????? ?????????????? ???????\">,</span>\r\n<span title=\"???????, ????? ??????? ?????????????? ???????\">not just the</span> <span title=\"???????, ????? ??????? ?????????????? ???????\">\r\nsearch</span> <span title=\"???????, ????? ??????? ?????????????? ???????\">nodes.</span><br>\r\n<br>\r\n<span title=\"???????, ????? ??????? ?????????????? ???????\">For example</span><br>\r\n<span title=\"???????, ????? ??????? ?????????????? ???????\">/ / my: View1/my:</span>\r\n<span title=\"???????, ????? ??????? ?????????????? ???????\">Membury</span> <span title=\"???????, ????? ??????? ?????????????? ???????\">\r\n= &quot;User&quot;</span></div>\r\n<div id=\"ecxThreadNotificationFooter\">Read the <a href=\"http://xpathvisualizer.codeplex.com/discussions/258978#post624768\" target=\"_blank\">\r\nfull discussion online</a>.<br>\r\nTo add a post to this discussion, reply to this email (<a href=\"mailto:XPathVisualizer@discussions.codeplex.com?subject=[XPathVisualizer:258978]\">XPathVisualizer@discussions.codeplex.com</a>)<br>\r\nTo start a new discussion for this project, email <a href=\"mailto:XPathVisualizer@discussions.codeplex.com\">\r\nXPathVisualizer@discussions.codeplex.com</a><br>\r\nYou are receiving this email because you subscribed to this discussion on CodePlex. You can\r\n<a href=\"https://xpathvisualizer.codeplex.com/subscriptions/thread/project/edit\" target=\"_blank\">\r\nunsubscribe or change your settings</a> on codePlex.com.<br>\r\nPlease note: Images and attachments will be removed from emails. Any posts to this discussion will also be available online at codeplex.com</div>\r\n</blockquote>\r\n<span title=\"??? ??????? ????????? ?????? ??? ???????.\">This simple expression is just an example.\r\n<br>\r\n<br>\r\n</span><span title=\"? ???? ????? ??????????? ???????????? ??????? ?????????? ?????????.\">I mean the ability to test complex logical expressions.\r\n</span><span title=\"?????? ??????????, ??? ????? ??????? ??????, ?.?.\">Now it turns out that this is impossible, because\r\n</span><span title=\"????????? ??????????? ?????? ???????? ????.\">expression have to choose node.\r\n<br>\r\n<br>\r\n</span><span title=\"????? ???? ??? ?? ????? ?? ? ?????? ??????, ?? ??? ????? ????????? ???????? ??????? ??????? ? ????? ??????? XML ??????????.\">Maybe it's not such a common problem, but I often need to write complex conditions in a very large XML documents.\r\n</span><span title=\"? ??????????? ?? ?? ??????.\">And test them is not easy. <br>\r\n<br>\r\n</span><span title=\"? ? ???????, ??? ???????? ??????????? ??????? ?? ??????? ?????? ?????.\">And I thought that such a possibility would make the product even better.\r\n</span><br>\r\n</div>\r\n<div id=\"ecxThreadNotificationFooter\">Read the <a href=\"http://xpathvisualizer.codeplex.com/discussions/258978#post626826\" target=\"_blank\">\r\nfull discussion online</a>.<br>\r\nTo add a post to this discussion, reply to this email (<a href=\"mailto:XPathVisualizer@discussions.codeplex.com?subject=[XPathVisualizer:258978]\">XPathVisualizer@discussions.codeplex.com</a>)<br>\r\nTo start a new discussion for this project, email <a href=\"mailto:XPathVisualizer@discussions.codeplex.com\">\r\nXPathVisualizer@discussions.codeplex.com</a><br>\r\nYou are receiving this email because you subscribed to this discussion on CodePlex. You can\r\n<a href=\"https://xpathvisualizer.codeplex.com/subscriptions/thread/project/edit\" target=\"_blank\">\r\nunsubscribe or change your settings</a> on codePlex.com.<br>\r\nPlease note: Images and attachments will be removed from emails. Any posts to this discussion will also be available online at codeplex.com<br>\r\n</div>\r\n",
    "PostedDate": "2011-06-13T04:40:19.91-07:00",
    "UserRole": null,
    "MarkedAsAnswerDate": null
  },
  {
    "Id": "626905",
    "ThreadId": "258978",
    "Html": "<p>&nbsp;</p>\r\n<div id=\"gt-form-c\" class=\"g-section\">\r\n<div id=\"gt-res-c\" class=\"g-unit\">\r\n<div id=\"gt-res-p\">\r\n<div id=\"gt-res-data\">\r\n<div id=\"gt-res-content\" class=\"almost_half_cell\">\r\n<div dir=\"ltr\"><span id=\"result_box\" class=\"long_text\"><span title=\"Хорошо.\">Well.&nbsp;</span><span title=\"К сожалению, я не могу опубликовать реальные XML, но вот для примера.\">Unfortunately, I can not publish the actual XML, but here's an example.<br /><br /></span><span title=\"Есть XML:\">There is a XML:&nbsp;<br /><br /></span><span title=\"&lt;TestSet&gt;\">&lt;TestSet&gt;&nbsp;<br /></span><span title=\"\t&lt;Group&gt;\"><span style=\"white-space: pre;\"> </span>&lt;Group&gt;&nbsp;<br /></span><span title=\"\t\t&lt;Id&gt;1&lt;/Id&gt;\"><span style=\"white-space: pre;\"> </span>&lt;Id&gt; 1 &lt;/ Id&gt;&nbsp;<br /></span><span title=\"\t\t&lt;Value&gt;xxx&lt;/Value&gt;\"><span style=\"white-space: pre;\"> </span>&lt;Value&gt; Xxx &lt;/ Value&gt;&nbsp;<br /></span><span title=\"\t\t&lt;SubGroup&gt;\"><span style=\"white-space: pre;\"> </span>&lt;SubGroup&gt;&nbsp;<br /></span><span title=\"\t\t\t&lt;Id&gt;1_1&lt;/Id&gt;\"><span style=\"white-space: pre;\"> </span>&lt;Id&gt; 1_1 &lt;/ Id&gt;&nbsp;<br /></span><span title=\"\t\t\t&lt;Value&gt;yyy&lt;/Value&gt;\"><span style=\"white-space: pre;\"> </span>&lt;Value&gt; Yyy &lt;/ Value&gt;&nbsp;<br /></span><span title=\"\t\t&lt;/SubGroup&gt;\"><span style=\"white-space: pre;\"> </span>&lt;/ SubGroup&gt;&nbsp;<br /></span><span title=\"\t&lt;/Group&gt;\"><span style=\"white-space: pre;\"> </span>&lt;/ Group&gt;&nbsp;<br /></span><span title=\"\t&lt;Group&gt;\"><span style=\"white-space: pre;\"> </span>&lt;Group&gt;&nbsp;<br /></span><span title=\"\t\t&lt;Id&gt;2&lt;/Id&gt;\"><span style=\"white-space: pre;\"> </span>&lt;Id&gt; 2 &lt;/ Id&gt;&nbsp;<br /></span><span title=\"\t\t&lt;Value&gt;zzz&lt;/Value&gt;\"><span style=\"white-space: pre;\"> </span>&lt;Value&gt; Zzz &lt;/ Value&gt;&nbsp;<br /></span><span title=\"\t\t&lt;SubGroup&gt;\"><span style=\"white-space: pre;\"> </span>&lt;SubGroup&gt;&nbsp;<br /></span><span title=\"\t\t\t&lt;Id&gt;2_1&lt;/Id&gt;\"><span style=\"white-space: pre;\"> </span>&lt;Id&gt; 2_1 &lt;/ Id&gt;&nbsp;<br /></span><span title=\"\t\t\t&lt;Value&gt;ccc&lt;/Value&gt;\"><span style=\"white-space: pre;\"> </span>&lt;Value&gt; Ccc &lt;/ Value&gt;&nbsp;<br /></span><span title=\"\t\t&lt;/SubGroup&gt;\"><span style=\"white-space: pre;\"> </span>&lt;/ SubGroup&gt;&nbsp;<br /></span><span title=\"\t\t&lt;SubGroup&gt;\"><span style=\"white-space: pre;\"> </span>&lt;SubGroup&gt;&nbsp;<br /></span><span title=\"\t\t\t&lt;Id&gt;2_2&lt;/Id&gt;\"><span style=\"white-space: pre;\"> </span>&lt;Id&gt; 2_2 &lt;/ Id&gt;&nbsp;<br /></span><span title=\"\t\t\t&lt;Value&gt;xxx&lt;/Value&gt;\"><span style=\"white-space: pre;\"> </span>&lt;Value&gt; Xxx &lt;/ Value&gt;&nbsp;<br /></span><span title=\"\t\t&lt;/SubGroup&gt;\"><span style=\"white-space: pre;\"> </span>&lt;/ SubGroup&gt;&nbsp;<br /></span><span title=\"\t&lt;/Group&gt;\"><span style=\"white-space: pre;\"> </span>&lt;/ Group&gt;&nbsp;<br /></span><span title=\"&lt;/TestSet&gt;\">&lt;/ TestSet&gt;&nbsp;<br /><br /></span><span title=\"Реальные документы намного больше и сложнее.\">The actual documents are much larger and more complex.&nbsp;<br /><br /></span><span title=\"Для отладки потока данных мне нужно проверить, равны ли значения в группе с Ид=1 и значение подгруппы с ИД=2 в группе с ИД=2.\">To streamline the data I need to check whether a value in the group with ID = 1 and the value of the subgroup with ID = 2 in the group with ID = 2.&nbsp;<br /><br /></span><span title=\"Для этого мне нужно выполнить выражение\">To do this I need to evaluate the expression&nbsp;<br /><br /></span><span title=\"//Group[Id=2]/SubGroup/Value=//Group[Id=1]/Валуе\">/ / Group [Id = 2] / SubGroup / Value = / / Group [Id = 1] / Valuev&nbsp;<br /><br /></span><span title=\"Но оно не работает, т.к.\">But it does not work, because&nbsp;</span><span title=\"не выбирает ни одну ноду.\">does not choose any one node.&nbsp;<br /><br /></span><span title=\"Да, в этом простом случае можно написать так:\">Yes, in this simple case we can write:&nbsp;<br /><br /></span><span title=\"//Group[Id=2]/SubGroup[Value=//Group[Id=1]/Value]\">/ / Group [Id = 2] / SubGroup [Value = / / Group [Id = 1] / Value]&nbsp;<br /><br /></span><span title=\"И посмотреть, выбирается ли что либо.\">And see whether that is selected either.&nbsp;<br /><br /></span><span title=\"Но если условия большие, в них замешено много различных нод, то выражение заметно изменяется.\">But if the conditions are great in them is mixed many different nodes, then the expression changes markedly.&nbsp;<br /><br /></span><span title=\"Мне казалась логичной возможность выполнять подобные выражения.\">It seemed logical to carry out such an expression.</span></span></div>\r\n</div>\r\n</div>\r\n</div>\r\n</div>\r\n</div>",
    "PostedDate": "2011-06-13T07:18:26.16-07:00",
    "UserRole": null,
    "MarkedAsAnswerDate": null
  },
  {
    "Id": "687848",
    "ThreadId": "258978",
    "Html": "<p>It seems to me you are asking for something like \"super xpath\" and that is well beyond the scope of this tool.</p>\r\n<p>I still don't understand your particular requirements for query or why xpath does not suffice. <em>On the other hand I don't need to know more</em>. Regardless of the details of your requirements, I cannot build \"a more flexible XML query language\" as part of this tool.&nbsp; This is a small, tactical tool, and it is focused directly on xpath.&nbsp;&nbsp; If you want something like xpath, but \"better\", you will have to make that request to someone else.&nbsp; Maybe try the W3C.</p>\r\n<p>Good luck!</p>",
    "PostedDate": "2011-10-22T07:53:33.6-07:00",
    "UserRole": null,
    "MarkedAsAnswerDate": null
  }
]