{
  "WorkItem": {
    "AffectedComponent": {
      "Name": "",
      "DisplayName": ""
    },
    "ClosedComment": "all these requests have been put into their own workitems.",
    "ClosedDate": "2009-09-25T19:30:37.493-07:00",
    "CommentCount": 0,
    "Custom": null,
    "Description": "1. User can paste text to the textbox (not select file)  (see workitem 2766)\n2. Add Option: ignore DTD, XSD  (see workitem 2849)\n3. Add Option: ignore namespace  (see workitem 2767)\n4. Add XmlPath Helper (not \"designer\")  (See workitem 2848)",
    "LastUpdatedDate": "2013-05-16T03:48:00.12-07:00",
    "PlannedForRelease": "",
    "ReleaseVisibleToPublic": false,
    "Priority": {
      "Name": "Low",
      "Severity": 50,
      "Id": 1
    },
    "ProjectName": "XPathVisualizer",
    "ReportedDate": "2009-09-20T18:16:50.317-07:00",
    "Status": {
      "Name": "Closed",
      "Id": 4
    },
    "ReasonClosed": {
      "Name": "Unassigned"
    },
    "Summary": "Please Add Functions",
    "Type": {
      "Name": "Issue",
      "Id": 3
    },
    "VoteCount": 1,
    "Id": 2760
  },
  "FileAttachments": [],
  "Comments": [
    {
      "Message": "The paste-into-textbox is now supported, in v1.1.0.8 of the tool.\r\n",
      "PostedDate": "2009-09-21T23:42:11.863-07:00",
      "Id": -2147483648
    },
    {
      "Message": "",
      "PostedDate": "2009-09-25T19:19:08.23-07:00",
      "Id": -2147483648
    },
    {
      "Message": "",
      "PostedDate": "2009-09-25T19:24:02.777-07:00",
      "Id": -2147483648
    },
    {
      "Message": "",
      "PostedDate": "2009-09-25T19:26:13.793-07:00",
      "Id": -2147483648
    },
    {
      "Message": "",
      "PostedDate": "2009-09-25T19:30:01.087-07:00",
      "Id": -2147483648
    },
    {
      "Message": "",
      "PostedDate": "2009-09-25T19:30:37.493-07:00",
      "Id": -2147483648
    },
    {
      "Message": "",
      "PostedDate": "2013-02-21T16:27:07.803-08:00",
      "Id": -2147483648
    },
    {
      "Message": "",
      "PostedDate": "2013-05-16T03:48:00.12-07:00",
      "Id": -2147483648
    }
  ]
}