{
  "WorkItem": {
    "AffectedComponent": {
      "Name": "",
      "DisplayName": ""
    },
    "ClosedComment": "fixed in changeset 32589.   First binary&#58;  v1.1.0.15",
    "ClosedDate": "2009-12-01T08:57:18.23-08:00",
    "CommentCount": 0,
    "Custom": null,
    "Description": "Hello,\n \nfinding some occurrences by a XPath expression is very good, but  to scroll simply through large XML files is not that nice.\n \nSo, is it possible to add some hotkeys to step through the search results, the occurrences?\nAnd some UI elements to do the same?\n \nThanks and best regards,\n \nMartin",
    "LastUpdatedDate": "2013-05-16T03:47:58.79-07:00",
    "PlannedForRelease": "",
    "ReleaseVisibleToPublic": false,
    "Priority": {
      "Name": "Low",
      "Severity": 50,
      "Id": 1
    },
    "ProjectName": "XPathVisualizer",
    "ReportedDate": "2009-11-27T04:56:53.783-08:00",
    "Status": {
      "Name": "Closed",
      "Id": 4
    },
    "ReasonClosed": {
      "Name": "Unassigned"
    },
    "Summary": "ER: Some hotkeys and/or UI elements to step through the occurrences referenced by a XPath expression",
    "Type": {
      "Name": "Issue",
      "Id": 3
    },
    "VoteCount": 1,
    "Id": 3482
  },
  "FileAttachments": [],
  "Comments": [
    {
      "Message": "an Excellent suggestion.  I can do that.",
      "PostedDate": "2009-11-29T08:22:42.973-08:00",
      "Id": -2147483648
    },
    {
      "Message": "Another thing about ergonomy and handling is, to trigger the Eval button for the XPath expression already on using the Return key inside the XPath entry element.\r\n\r\nGreetings,\r\n\r\nMartin",
      "PostedDate": "2009-11-29T11:57:47.523-08:00",
      "Id": -2147483648
    },
    {
      "Message": "",
      "PostedDate": "2009-12-01T08:57:18.23-08:00",
      "Id": -2147483648
    },
    {
      "Message": "",
      "PostedDate": "2013-02-21T16:27:05.893-08:00",
      "Id": -2147483648
    },
    {
      "Message": "",
      "PostedDate": "2013-05-16T03:47:58.79-07:00",
      "Id": -2147483648
    }
  ]
}