{
  "WorkItem": {
    "AffectedComponent": {
      "Name": "",
      "DisplayName": ""
    },
    "ClosedComment": "won&#39;t fix, by design",
    "ClosedDate": "2009-12-18T16:12:49.183-08:00",
    "CommentCount": 0,
    "Custom": null,
    "Description": "Hello,\n \nyou've mentioned, that I should negate a XPath condition/predicate to remove anything but the original wanted nodes.\n \nBut to negate the XPath condition/predicate to highlight the \"inversion\" of the original XPath selected nodes, to remove these highlighted \"negated\" XPath result does not work as expected, because e.g. the XPath '//node()[not(contains(@class, \"vollbild\"))]' will select even those XML nodes originally selected by XPath '//node()[contains(@class, \"vollbild\")]',\nThis happens because their ancestors will be selected by the \"negated\" XPath condition/predicate.\nSo removing the \"highlighted\" would remove even those XML nodes originally selected by the XPath '//node()[contains(@class, \"vollbild\")]'.\n \nSo - negating the XPath predicate does not result in an inversion of the original XPath node selection!\n \nTo remove any node, but the \"highlighted\"/selected nodes:\n \n- every XML node not being an ancestor of any XPath matching node can be deleted!\n- every sibling of any XPath matching node, except other XPath matching nodes, can be deleted!\n \nFor negating a XPath perhaps it could be necessary to have a \"not\" or \"negate\" checkbox next to the XPath entry to let XPathVisualizer the following way:\n1. select all nodes matching the XPath\n2. use the paths (of nodes) of the XPath matching nodes to find all siblings of all nodes inside a path excluding those being part of another path\n3. select all now known nodes not being part of a path of the original XPath matching nodes instead of the original XPath matching nodes\n \nThis would last in consuming more runtime for selecting, but this is something the user must live with.\n \nAnother possibility to \"shrink\" the shown XML contents via a XPath selection could be to show only those XML nodes and their children matching the XPath in a new XML DOM inside the text window.\nSometimes it is not necessary to conserve the whole XML structure the XPath selected nodes are in, but to only those nodes.\nThis wouldn't result in invalid XML, but in a new XML DOM:\n \n    <?xml version=\"1.0\" encoding=\"utf-8\"?>\n    <document>\n        <nodeA>\n            <nodeB>\n                <nodeC class=\"classC\"/>\n            </nodeB>\n        </nodeA>\n        <nodeD>\n            <nodeE>\n                <nodeF class=\"classC\"/>\n            </nodeB>\n        </nodeA>\n    </document>\n \n    //node()[@class=\"classC\"]\n \n=>\n \n    <?xml version=\"1.0\" encoding=\"utf-8\"?>\n    <document>\n        <nodeC class=\"classC\"/>\n        <nodeF class=\"classC\"/>\n    </document>\n \nThis last suggestion of keep really only the XPath matching nodes was my original intention.\n \nBest regards,\n \nMartin Lemburg",
    "LastUpdatedDate": "2013-05-16T03:47:57.743-07:00",
    "PlannedForRelease": "",
    "ReleaseVisibleToPublic": false,
    "Priority": {
      "Name": "Low",
      "Severity": 50,
      "Id": 1
    },
    "ProjectName": "XPathVisualizer",
    "ReportedDate": "2009-11-29T12:11:22.137-08:00",
    "Status": {
      "Name": "Closed",
      "Id": 4
    },
    "ReasonClosed": {
      "Name": "Unassigned"
    },
    "Summary": "Use an XPath to \"crop\" or \"shrink\" a file to include only matching nodes",
    "Type": {
      "Name": "Issue",
      "Id": 3
    },
    "VoteCount": 1,
    "Id": 3490
  },
  "FileAttachments": [],
  "Comments": [
    {
      "Message": "Interesting ideas.  With the introduction of these capabilities, the tool would no longer be centered soley on XPath visualization.  It would be an XPath Editor.  It's a significant expansion of the capability in the tool today. \r\n",
      "PostedDate": "2009-12-01T14:15:54.667-08:00",
      "Id": -2147483648
    },
    {
      "Message": "",
      "PostedDate": "2009-12-01T15:38:40.26-08:00",
      "Id": -2147483648
    },
    {
      "Message": "",
      "PostedDate": "2009-12-01T15:38:50.23-08:00",
      "Id": -2147483648
    },
    {
      "Message": "Implemented in changeset 32608.  The first binary release with this capability is v1.1.0.18. \r\n\r\nThe capability is available on the popup menu - right click in the XML textbox, and you'll get a \"Remove highlighted\" menu option as well as a \"Save as...\" menu option.  \r\n\r\nThe \"Remove Highlighted\" item removes all the highlighted nodes, whether they are elements or attributes.  It cannot be as general as you described - removing non-highlighted nodes.  It's not possible to remove all the non-highlighted nodes, because that would result in invalid XML. \r\n\r\nYou can always negate the Xpath condition to select the appropriate nodes to remove. \r\n\r\n\r\n\r\n\n\n** Closed by Cheeso 12/1/2009 3:38 PM",
      "PostedDate": "2009-12-02T08:06:17.227-08:00",
      "Id": -2147483648
    },
    {
      "Message": "Functionality does not work as expected.",
      "PostedDate": "2009-12-02T08:06:17.773-08:00",
      "Id": -2147483648
    },
    {
      "Message": "",
      "PostedDate": "2009-12-02T08:52:44.637-08:00",
      "Id": -2147483648
    },
    {
      "Message": "",
      "PostedDate": "2009-12-02T08:57:25.48-08:00",
      "Id": -2147483648
    },
    {
      "Message": "Martin, I see that simple negation of the XPath criterion will not work.  What I meant to say was, you have enough flexibility in building an XPath expression so that you can select the precise nodes you want.  Whether you want all <P> nodes with a class attribute of \"headline\", or all <P> nodes with no class attribute - those things are easy to do in XPath.  \r\n\r\nI don't understand your steps #1,2,3 for how to \"negate\" an XPath selection.  I think XPath may not be the right tool for this job.   An XSL transform would be perfectly suited to the task you describe: transforming one document to another.  And XPath can be used as part of that, but XPath isn't the complete solution.    I'm having trouble clearly conceptualizing the \"negation\" of the results of an XPath query - the meaning of that is fuzzy to me, and it seems it would be entirely contrived if I invented something.   In your final example, why is the <document> element retained?  is it completely arbitrary?  on what basis?  Why not also retain the <nodeA> element?  Why exclude the <nodeB> element?   Where's the cut-off?  What id the nodeset matched by the XPath includes nodes at multiple levels?  Should those nodes all be collapsed into a single level?  What if there is a match within a match?  Suppose the xpath grabs all nodes for which the element name is \"elt1\" and the xml includes a hierarchy like elt1/something/elt1 .   Now what is the result of negating a match?  Should the \"something\" node be included in the \"negation\" or not?  \r\n\r\nThe general definition of \"negation\", to cover all cases, very quickly becomes complicated.   Also the definition seems arbitrary, it seems to me, and I don't know that it would be generally useful. \r\n",
      "PostedDate": "2009-12-02T09:36:40.577-08:00",
      "Id": -2147483648
    },
    {
      "Message": "",
      "PostedDate": "2009-12-18T16:12:49.183-08:00",
      "Id": -2147483648
    },
    {
      "Message": "",
      "PostedDate": "2013-02-21T16:27:05.363-08:00",
      "Id": -2147483648
    },
    {
      "Message": "",
      "PostedDate": "2013-05-16T03:47:57.743-07:00",
      "Id": -2147483648
    }
  ]
}