{
  "WorkItem": {
    "AffectedComponent": {
      "Name": "",
      "DisplayName": ""
    },
    "ClosedComment": "fixed in Changeset &#35;41337.  First binary&#58;  v1.1.0.24. ",
    "ClosedDate": "2010-03-31T17:45:36.72-07:00",
    "CommentCount": 0,
    "Custom": null,
    "Description": "Loading, for example, an HTML page like http://www.gutenberg.org/browse/authors/q \ngives non-XHTML content. \n \nBut no exception message is displayed, nothing to indicate the problem.",
    "LastUpdatedDate": "2013-05-16T03:47:55.413-07:00",
    "PlannedForRelease": "",
    "ReleaseVisibleToPublic": false,
    "Priority": {
      "Name": "Low",
      "Severity": 50,
      "Id": 1
    },
    "ProjectName": "XPathVisualizer",
    "ReportedDate": "2010-03-31T13:39:23.547-07:00",
    "Status": {
      "Name": "Closed",
      "Id": 4
    },
    "ReasonClosed": {
      "Name": "Unassigned"
    },
    "Summary": "If the XML is not well-formed, no feedback is given about the problem.",
    "Type": {
      "Name": "Issue",
      "Id": 3
    },
    "VoteCount": 1,
    "Id": 4231
  },
  "FileAttachments": [],
  "Comments": []
}