{
  "WorkItem": {
    "AffectedComponent": {
      "Name": "",
      "DisplayName": ""
    },
    "ClosedComment": "fixed in changeset 32200.  first binary  v1.1.0.14",
    "ClosedDate": "2009-11-22T20:21:23.057-08:00",
    "CommentCount": 0,
    "Custom": null,
    "Description": "To facilitate Xcopy deployment.",
    "LastUpdatedDate": "2013-05-16T03:47:59.077-07:00",
    "PlannedForRelease": "",
    "ReleaseVisibleToPublic": false,
    "Priority": {
      "Name": "Low",
      "Severity": 50,
      "Id": 1
    },
    "ProjectName": "XPathVisualizer",
    "ReportedDate": "2009-11-21T08:34:32.753-08:00",
    "Status": {
      "Name": "Closed",
      "Id": 4
    },
    "ReasonClosed": {
      "Name": "Unassigned"
    },
    "Summary": "Make the tool one EXE; ILMerge the XpathParser.dll into the EXE",
    "Type": {
      "Name": "Issue",
      "Id": 3
    },
    "VoteCount": 1,
    "Id": 3391
  },
  "FileAttachments": [],
  "Comments": []
}