{
  "WorkItem": {
    "AffectedComponent": {
      "Name": "",
      "DisplayName": ""
    },
    "ClosedComment": "No longer an issue.",
    "ClosedDate": "2010-04-26T11:00:16.24-07:00",
    "CommentCount": 0,
    "Custom": null,
    "Description": "What's about a bit of \"pretty printing\" or \"extensive re-formatting\" for extracted XML data?\n \nSo to have a line break after the \"root\" node and to increase the indent with a increasing node depth?",
    "LastUpdatedDate": "2013-05-16T03:47:54.173-07:00",
    "PlannedForRelease": "",
    "ReleaseVisibleToPublic": false,
    "Priority": {
      "Name": "Low",
      "Severity": 50,
      "Id": 1
    },
    "ProjectName": "XPathVisualizer",
    "ReportedDate": "2010-04-23T03:13:09.743-07:00",
    "Status": {
      "Name": "Closed",
      "Id": 4
    },
    "ReasonClosed": {
      "Name": "Unassigned"
    },
    "Summary": "Feature Request: \"Pretty Printing\" for extracted XML data",
    "Type": {
      "Name": "Issue",
      "Id": 3
    },
    "VoteCount": 1,
    "Id": 4309
  },
  "FileAttachments": [],
  "Comments": [
    {
      "Message": "Hey Martin - did you try ctrl-F ?   What do you think of that?   Do you think it ought to reformat automatically?  ",
      "PostedDate": "2010-04-23T15:42:59.46-07:00",
      "Id": -2147483648
    },
    {
      "Message": "Yes I did.\r\n\r\nAnd there was no reformatting ... because ... the extracted data contained invalid XML data, because of the other issue I've created due to the invalid extraction of some attributes.\r\n\r\nSo ... forget it!\r\n\r\nThanks for your engagement in enhancing XPathVisualizer!\r\n\r\nMartin",
      "PostedDate": "2010-04-26T00:57:11.21-07:00",
      "Id": -2147483648
    },
    {
      "Message": "The other issue (invalid XML with incorrect extraction of attributes) is fixed now, right?  \r\n",
      "PostedDate": "2010-04-26T09:10:17.52-07:00",
      "Id": -2147483648
    },
    {
      "Message": "Yes - your fix works the expected way, so that the XHTML attributes are extracted the right way without \"disturbing\" the XML nodes build from this attributes.",
      "PostedDate": "2010-04-26T09:58:00.613-07:00",
      "Id": -2147483648
    },
    {
      "Message": "",
      "PostedDate": "2010-04-26T11:00:16.24-07:00",
      "Id": -2147483648
    },
    {
      "Message": "",
      "PostedDate": "2013-02-21T16:27:01.9-08:00",
      "Id": -2147483648
    },
    {
      "Message": "",
      "PostedDate": "2013-05-16T03:47:54.173-07:00",
      "Id": -2147483648
    }
  ]
}