{
  "WorkItem": {
    "AffectedComponent": {
      "Name": "",
      "DisplayName": ""
    },
    "ClosedComment": "fixed in changeset 66836.  The first binary version with this change is v1.3.0.3",
    "ClosedDate": "2011-05-21T11:33:26.91-07:00",
    "CommentCount": 0,
    "Custom": null,
    "Description": "When there are two or more detected namespaces, the groupbox is partially obscured. \nLooks like it needs to grow by a larger amount for each namespace added.\n \nAlso may need to push down the customTabControl a similar distanct.\n \nTo reproduce, load the scienceNews RSS from reuters.com, and expand the namespace groupbox.",
    "LastUpdatedDate": "2013-05-16T03:47:52.487-07:00",
    "PlannedForRelease": "",
    "ReleaseVisibleToPublic": false,
    "Priority": {
      "Name": "Low",
      "Severity": 50,
      "Id": 1
    },
    "ProjectName": "XPathVisualizer",
    "ReportedDate": "2011-05-17T06:36:00.003-07:00",
    "Status": {
      "Name": "Closed",
      "Id": 4
    },
    "ReasonClosed": {
      "Name": "Unassigned"
    },
    "Summary": "The namespace groupbox has a display anomaly",
    "Type": {
      "Name": "Issue",
      "Id": 3
    },
    "VoteCount": 1,
    "Id": 6638
  },
  "FileAttachments": [],
  "Comments": []
}