{
  "WorkItem": {
    "AffectedComponent": {
      "Name": "",
      "DisplayName": ""
    },
    "ClosedComment": "fixed in changeset 32638",
    "ClosedDate": "2009-12-02T09:18:07.613-08:00",
    "CommentCount": 0,
    "Custom": null,
    "Description": "Hello,\n \nthe binary ZIP file contains no executable, but the readme file only!\n \nBest regards,\n \nMartin",
    "LastUpdatedDate": "2013-05-16T03:47:56.343-07:00",
    "PlannedForRelease": "",
    "ReleaseVisibleToPublic": false,
    "Priority": {
      "Name": "Low",
      "Severity": 50,
      "Id": 1
    },
    "ProjectName": "XPathVisualizer",
    "ReportedDate": "2009-12-02T07:32:16.667-08:00",
    "Status": {
      "Name": "Closed",
      "Id": 4
    },
    "ReasonClosed": {
      "Name": "Unassigned"
    },
    "Summary": "XpathVisualizer-v1.1-bin.zip contains only the readme",
    "Type": {
      "Name": "Issue",
      "Id": 3
    },
    "VoteCount": 1,
    "Id": 3505
  },
  "FileAttachments": [],
  "Comments": [
    {
      "Message": "whoops - this broke in my release script when I went to a merged EXE. \r\nFixed now. \r\n",
      "PostedDate": "2009-12-02T09:16:14.583-08:00",
      "Id": -2147483648
    },
    {
      "Message": "",
      "PostedDate": "2009-12-02T09:18:07.613-08:00",
      "Id": -2147483648
    },
    {
      "Message": "",
      "PostedDate": "2013-02-21T16:27:04.607-08:00",
      "Id": -2147483648
    },
    {
      "Message": "",
      "PostedDate": "2013-05-16T03:47:56.343-07:00",
      "Id": -2147483648
    }
  ]
}