{
  "WorkItem": {
    "AffectedComponent": {
      "Name": "",
      "DisplayName": ""
    },
    "ClosedComment": "Thanks for pointing that out.  I&#39;ve updated the download.  ",
    "ClosedDate": "2010-02-17T05:34:08.92-08:00",
    "CommentCount": 0,
    "Custom": null,
    "Description": "The released file XPathVisualizer-1.1-bin.zip still contains XPathVisualizer in the older version 1.1.19.",
    "LastUpdatedDate": "2013-05-16T03:47:55.957-07:00",
    "PlannedForRelease": "",
    "ReleaseVisibleToPublic": false,
    "Priority": {
      "Name": "Low",
      "Severity": 50,
      "Id": 1
    },
    "ProjectName": "XPathVisualizer",
    "ReportedDate": "2010-02-17T03:04:18.207-08:00",
    "Status": {
      "Name": "Closed",
      "Id": 4
    },
    "ReasonClosed": {
      "Name": "Unassigned"
    },
    "Summary": "XPathVisualizer-1.1-bin.zip still contains version 1.1.19",
    "Type": {
      "Name": "Issue",
      "Id": 3
    },
    "VoteCount": 1,
    "Id": 4047
  },
  "FileAttachments": [],
  "Comments": []
}