{
  "WorkItem": {
    "AffectedComponent": {
      "Name": "",
      "DisplayName": ""
    },
    "ClosedComment": "fixed in changeset 32592.   First binary v1.1.0.16",
    "ClosedDate": "2009-12-01T09:57:14.91-08:00",
    "CommentCount": 0,
    "Custom": null,
    "Description": "When pressing ENTER inside the XPath textbox, evaluate the XPath expression.",
    "LastUpdatedDate": "2013-05-16T03:47:57.03-07:00",
    "PlannedForRelease": "",
    "ReleaseVisibleToPublic": false,
    "Priority": {
      "Name": "Low",
      "Severity": 50,
      "Id": 1
    },
    "ProjectName": "XPathVisualizer",
    "ReportedDate": "2009-12-01T08:59:51.64-08:00",
    "Status": {
      "Name": "Closed",
      "Id": 4
    },
    "ReasonClosed": {
      "Name": "Unassigned"
    },
    "Summary": "Trigger XPath expression evaluation on pressing ENTER inside the XPath entry element",
    "Type": {
      "Name": "Issue",
      "Id": 3
    },
    "VoteCount": 1,
    "Id": 3500
  },
  "FileAttachments": [],
  "Comments": []
}