{
  "WorkItem": {
    "AffectedComponent": {
      "Name": "",
      "DisplayName": ""
    },
    "ClosedComment": "fixed in changeset 66688.  First binary release with this change&#58; v1.3. ",
    "ClosedDate": "2011-05-16T19:05:35.443-07:00",
    "CommentCount": 0,
    "Custom": null,
    "Description": "Sort of like AJAX. \nauto-evaluate instead of making the user hit Eval every few seconds :/\n \nfrom http://stackoverflow.com/questions/688323/is-there-an-online-tester-for-xpath-selectors/1442486#1442486",
    "LastUpdatedDate": "2013-05-16T03:47:52.897-07:00",
    "PlannedForRelease": "",
    "ReleaseVisibleToPublic": false,
    "Priority": {
      "Name": "Low",
      "Severity": 50,
      "Id": 1
    },
    "ProjectName": "XPathVisualizer",
    "ReportedDate": "2011-04-22T16:47:40.623-07:00",
    "Status": {
      "Name": "Closed",
      "Id": 4
    },
    "ReasonClosed": {
      "Name": "Unassigned"
    },
    "Summary": "Auto-evaluate the Xpath as it changes.",
    "Type": {
      "Name": "Issue",
      "Id": 3
    },
    "VoteCount": 1,
    "Id": 6517
  },
  "FileAttachments": [],
  "Comments": []
}