{
  "WorkItem": {
    "AffectedComponent": {
      "Name": "",
      "DisplayName": ""
    },
    "ClosedComment": "fixed in Changeset &#35;46080 .  First binary v1.2.1.8",
    "ClosedDate": "2010-05-20T08:29:12.467-07:00",
    "CommentCount": 0,
    "Custom": null,
    "Description": "v1.2 installs to the wrong install folder.",
    "LastUpdatedDate": "2013-05-16T03:47:53.74-07:00",
    "PlannedForRelease": "",
    "ReleaseVisibleToPublic": false,
    "Priority": {
      "Name": "Low",
      "Severity": 50,
      "Id": 1
    },
    "ProjectName": "XPathVisualizer",
    "ReportedDate": "2010-05-20T08:19:31.383-07:00",
    "Status": {
      "Name": "Closed",
      "Id": 4
    },
    "ReasonClosed": {
      "Name": "Unassigned"
    },
    "Summary": "Wrong install folder -   XPath Visualizer 1.1",
    "Type": {
      "Name": "Issue",
      "Id": 3
    },
    "VoteCount": 1,
    "Id": 4687
  },
  "FileAttachments": [],
  "Comments": []
}