{
  "WorkItem": {
    "AffectedComponent": {
      "Name": "",
      "DisplayName": ""
    },
    "ClosedComment": "implemented in Changeset &#35;41365 .  First binary v1.2.0.1",
    "ClosedDate": "2010-04-01T12:11:14.17-07:00",
    "CommentCount": 0,
    "Custom": null,
    "Description": "A nice shortcut to the option in the pop-up menu.\nAlso, ctrl-F should reformat, or re-indent the XML.",
    "LastUpdatedDate": "2013-05-16T03:47:55.25-07:00",
    "PlannedForRelease": "",
    "ReleaseVisibleToPublic": false,
    "Priority": {
      "Name": "Low",
      "Severity": 50,
      "Id": 1
    },
    "ProjectName": "XPathVisualizer",
    "ReportedDate": "2010-03-31T17:19:57-07:00",
    "Status": {
      "Name": "Closed",
      "Id": 4
    },
    "ReasonClosed": {
      "Name": "Unassigned"
    },
    "Summary": "Ctrl-S should re-save the file if it has already been saved",
    "Type": {
      "Name": "Issue",
      "Id": 3
    },
    "VoteCount": 1,
    "Id": 4233
  },
  "FileAttachments": [],
  "Comments": []
}