{
  "WorkItem": {
    "AffectedComponent": {
      "Name": "",
      "DisplayName": ""
    },
    "ClosedComment": "fixed in changeset 66721.  First binary with this change v1.3.0.2 .",
    "ClosedDate": "2011-05-17T12:41:02.56-07:00",
    "CommentCount": 0,
    "Custom": null,
    "Description": "Get VS2010ImageLibrary.zip and use those icons",
    "LastUpdatedDate": "2013-05-16T03:47:52.623-07:00",
    "PlannedForRelease": "",
    "ReleaseVisibleToPublic": false,
    "Priority": {
      "Name": "Low",
      "Severity": 50,
      "Id": 1
    },
    "ProjectName": "XPathVisualizer",
    "ReportedDate": "2011-05-17T06:23:22.703-07:00",
    "Status": {
      "Name": "Closed",
      "Id": 4
    },
    "ReasonClosed": {
      "Name": "Unassigned"
    },
    "Summary": "Use Menu item icons to make the menus look nicer",
    "Type": {
      "Name": "Issue",
      "Id": 3
    },
    "VoteCount": 1,
    "Id": 6637
  },
  "FileAttachments": [],
  "Comments": [
    {
      "Message": "tsmiOpen.Image = ((System.Drawing.Image)(resources.GetObject(\"$this.Image1\")));",
      "PostedDate": "2011-05-17T08:03:17.897-07:00",
      "Id": -2147483648
    },
    {
      "Message": "",
      "PostedDate": "2011-05-17T12:41:02.56-07:00",
      "Id": -2147483648
    },
    {
      "Message": "",
      "PostedDate": "2013-02-21T16:26:59.55-08:00",
      "Id": -2147483648
    },
    {
      "Message": "",
      "PostedDate": "2013-05-16T03:47:52.623-07:00",
      "Id": -2147483648
    }
  ]
}