{
  "WorkItem": {
    "AffectedComponent": {
      "Name": "",
      "DisplayName": ""
    },
    "ClosedComment": "",
    "ClosedDate": null,
    "CommentCount": 0,
    "Custom": null,
    "Description": "It would be awesome if there were an option to display the xml in multiple columns when zoomed out far enough (thereby being able to see more of long documents.)  \n \nI suppose the option would require a checkbox, along with a field for the minimum column-width (e.g. 80).",
    "LastUpdatedDate": "2013-02-21T16:26:57.86-08:00",
    "PlannedForRelease": "",
    "ReleaseVisibleToPublic": false,
    "Priority": {
      "Name": "Low",
      "Severity": 50,
      "Id": 1
    },
    "ProjectName": "XPathVisualizer",
    "ReportedDate": "2011-10-17T17:51:11.39-07:00",
    "Status": {
      "Name": "Proposed",
      "Id": 1
    },
    "ReasonClosed": {
      "Name": "Unassigned"
    },
    "Summary": "Multi-Column view when zoomed out",
    "Type": {
      "Name": "Issue",
      "Id": 3
    },
    "VoteCount": 1,
    "Id": 7363
  },
  "FileAttachments": [],
  "Comments": []
}