{
  "WorkItem": {
    "AffectedComponent": {
      "Name": "",
      "DisplayName": ""
    },
    "ClosedComment": "",
    "ClosedDate": null,
    "CommentCount": 0,
    "Custom": null,
    "Description": "I'd like to be able to run XPathVisualizer on linux via mono. It doesn't work at the moment, at least on my ubuntu 11.10 machine. Attached is the stderr/stdout I get.",
    "LastUpdatedDate": "2013-02-21T16:26:55.99-08:00",
    "PlannedForRelease": "",
    "ReleaseVisibleToPublic": false,
    "Priority": {
      "Name": "Low",
      "Severity": 50,
      "Id": 1
    },
    "ProjectName": "XPathVisualizer",
    "ReportedDate": "2011-11-12T13:29:16.003-08:00",
    "Status": {
      "Name": "Proposed",
      "Id": 1
    },
    "ReasonClosed": {
      "Name": "Unassigned"
    },
    "Summary": "Get working on Mono",
    "Type": {
      "Name": "Issue",
      "Id": 3
    },
    "VoteCount": 1,
    "Id": 7444
  },
  "FileAttachments": [
    {
      "FileId": 2678,
      "FileName": "XPath-mono-startup-errors.txt",
      "DownloadUrl": ".\\2678"
    }
  ],
  "Comments": [
    {
      "Message": "What a mess.  I don't know anything about running winforms on Mono. I'll fold in benign changes that you determine are necessary for mono.\r\n",
      "PostedDate": "2011-11-13T04:52:26.65-08:00",
      "Id": -2147483648
    },
    {
      "Message": "",
      "PostedDate": "2013-02-21T16:26:55.99-08:00",
      "Id": -2147483648
    }
  ]
}