{
  "WorkItem": {
    "AffectedComponent": {
      "Name": "",
      "DisplayName": ""
    },
    "ClosedComment": "Fixed in Changeset &#35;70941",
    "ClosedDate": "2011-11-13T04:48:55.31-08:00",
    "CommentCount": 0,
    "Custom": null,
    "Description": "A simple fix https://github.com/zippy1981/XPathVisualizer/commit/c5c57dcf24c7abdf2935bda0df0b4c9d9d64add3#diff-0",
    "LastUpdatedDate": "2013-05-16T03:47:50.553-07:00",
    "PlannedForRelease": "",
    "ReleaseVisibleToPublic": false,
    "Priority": {
      "Name": "Low",
      "Severity": 50,
      "Id": 1
    },
    "ProjectName": "XPathVisualizer",
    "ReportedDate": "2011-11-12T13:16:07.207-08:00",
    "Status": {
      "Name": "Closed",
      "Id": 4
    },
    "ReasonClosed": {
      "Name": "Unassigned"
    },
    "Summary": "System.Deployment is an unnecessary Dependency",
    "Type": {
      "Name": "Issue",
      "Id": 3
    },
    "VoteCount": 1,
    "Id": 7443
  },
  "FileAttachments": [],
  "Comments": []
}