{
  "WorkItem": {
    "AffectedComponent": {
      "Name": "",
      "DisplayName": ""
    },
    "ClosedComment": "fixed in v1.2.1.0",
    "ClosedDate": "2010-04-19T08:17:19.18-07:00",
    "CommentCount": 0,
    "Custom": null,
    "Description": "The line numbers should be optional. \nSometimes I don't want em.",
    "LastUpdatedDate": "2013-05-16T03:47:54.987-07:00",
    "PlannedForRelease": "",
    "ReleaseVisibleToPublic": false,
    "Priority": {
      "Name": "Low",
      "Severity": 50,
      "Id": 1
    },
    "ProjectName": "XPathVisualizer",
    "ReportedDate": "2010-04-14T12:16:24.373-07:00",
    "Status": {
      "Name": "Closed",
      "Id": 4
    },
    "ReasonClosed": {
      "Name": "Unassigned"
    },
    "Summary": "Make line numbers optional",
    "Type": {
      "Name": "Issue",
      "Id": 3
    },
    "VoteCount": 1,
    "Id": 4275
  },
  "FileAttachments": [],
  "Comments": []
}