{
  "WorkItem": {
    "AffectedComponent": {
      "Name": "",
      "DisplayName": ""
    },
    "ClosedComment": "fixed in changeset 67567.  First binary release to contain this fix&#58;  v1.3.0.5",
    "ClosedDate": "2011-06-11T10:11:34.55-07:00",
    "CommentCount": 0,
    "Custom": null,
    "Description": "I could not pinpoint exact cause, but sometimes during query input whole line suddenly becomes blank, erasing everything I entered. \n \nAnd the whole \"no extra spaces\" is pretty annoying - it's surprising for the program to erase what I entered.",
    "LastUpdatedDate": "2013-05-16T03:47:51.527-07:00",
    "PlannedForRelease": "",
    "ReleaseVisibleToPublic": false,
    "Priority": {
      "Name": "Low",
      "Severity": 50,
      "Id": 1
    },
    "ProjectName": "XPathVisualizer",
    "ReportedDate": "2011-06-11T09:16:13.133-07:00",
    "Status": {
      "Name": "Closed",
      "Id": 4
    },
    "ReasonClosed": {
      "Name": "Unassigned"
    },
    "Summary": "Remove surprises on extra spaces in the xpath query",
    "Type": {
      "Name": "Issue",
      "Id": 3
    },
    "VoteCount": 1,
    "Id": 6808
  },
  "FileAttachments": [],
  "Comments": []
}