{
  "WorkItem": {
    "AffectedComponent": {
      "Name": "",
      "DisplayName": ""
    },
    "ClosedComment": "fixed in changeset 32204.  First binary 1.1.0.14",
    "ClosedDate": "2009-11-21T10:45:28.493-08:00",
    "CommentCount": 0,
    "Custom": null,
    "Description": "no need to store and restore the splitter state.",
    "LastUpdatedDate": "2013-05-16T03:47:58.93-07:00",
    "PlannedForRelease": "",
    "ReleaseVisibleToPublic": false,
    "Priority": {
      "Name": "Low",
      "Severity": 50,
      "Id": 1
    },
    "ProjectName": "XPathVisualizer",
    "ReportedDate": "2009-11-21T09:16:36.35-08:00",
    "Status": {
      "Name": "Closed",
      "Id": 4
    },
    "ReasonClosed": {
      "Name": "Unassigned"
    },
    "Summary": "Don't use the memorized setting for the splitter on startup",
    "Type": {
      "Name": "Issue",
      "Id": 3
    },
    "VoteCount": 1,
    "Id": 3392
  },
  "FileAttachments": [],
  "Comments": []
}