{
  "WorkItem": {
    "AffectedComponent": {
      "Name": "",
      "DisplayName": ""
    },
    "ClosedComment": "fixed in changeset 60201.  The first binary release in which this fix will be available is v1.2.1.7",
    "ClosedDate": "2010-12-21T23:21:48.913-08:00",
    "CommentCount": 0,
    "Custom": null,
    "Description": "XPath Visualizer Tool v1.2.1.6\n \ngiven next document the highlighter works incorrectly using XPath /*/MergedDictionaries/ResourceDictionary\n \n<ResourceDictionary xmlns:x=\"http://schemas.microsoft.com/winfx/2006/xaml\" xmlns:dxdd=\"clr-namespace:XXX\">\n  <MergedDictionaries>\n    <ResourceDictionary Source=\"XXX\" />\n  </MergedDictionaries>\n  <SomeData x:Key=\"MainContent\">\n    <var1>x</var1>\n    <test Content=\"{StaticResource StringContent}\" />\n  </SomeData>\n</ResourceDictionary>\n \ni think there should be only 1 line highlighted, but as you can see on the attached screenshot there are more. for reassuring myself i used the following tool: http://xpath.me/ (in russian)",
    "LastUpdatedDate": "2013-05-16T03:47:53.45-07:00",
    "PlannedForRelease": "",
    "ReleaseVisibleToPublic": false,
    "Priority": {
      "Name": "Low",
      "Severity": 50,
      "Id": 1
    },
    "ProjectName": "XPathVisualizer",
    "ReportedDate": "2010-11-02T02:32:48.927-07:00",
    "Status": {
      "Name": "Closed",
      "Id": 4
    },
    "ReasonClosed": {
      "Name": "Unassigned"
    },
    "Summary": "Incorrect highlighting | visualizing",
    "Type": {
      "Name": "Issue",
      "Id": 3
    },
    "VoteCount": 1,
    "Id": 5784
  },
  "FileAttachments": [
    {
      "FileId": 2077,
      "FileName": "xpath_visualizer_bug.png",
      "DownloadUrl": ".\\2077"
    }
  ],
  "Comments": [
    {
      "Message": "yes, I've reproduced this bug here. ",
      "PostedDate": "2010-12-21T22:15:37.937-08:00",
      "Id": -2147483648
    },
    {
      "Message": "",
      "PostedDate": "2010-12-21T23:21:48.913-08:00",
      "Id": -2147483648
    },
    {
      "Message": "",
      "PostedDate": "2013-02-21T16:27:00.777-08:00",
      "Id": -2147483648
    },
    {
      "Message": "",
      "PostedDate": "2013-05-16T03:47:53.45-07:00",
      "Id": -2147483648
    }
  ]
}