{
  "WorkItem": {
    "AffectedComponent": {
      "Name": "",
      "DisplayName": ""
    },
    "ClosedComment": "fixed in changeset 60201.  The first binary release in which this fix will be available is v1.2.1.7. ",
    "ClosedDate": "2010-12-21T23:23:17.963-08:00",
    "CommentCount": 0,
    "Custom": null,
    "Description": "steps to reproduce:\n \n1. open xpathvisualizer\n2. ctrl-n to create a new XML doc\n3. fill it with legal XML\n4. right click in the textbox, and click Save As....\n \nMessageBox says \"cannot save.\"   \"The path is not of a legal form.\"",
    "LastUpdatedDate": "2013-05-16T03:47:53.307-07:00",
    "PlannedForRelease": "",
    "ReleaseVisibleToPublic": false,
    "Priority": {
      "Name": "Low",
      "Severity": 50,
      "Id": 1
    },
    "ProjectName": "XPathVisualizer",
    "ReportedDate": "2010-12-21T22:30:30.443-08:00",
    "Status": {
      "Name": "Closed",
      "Id": 4
    },
    "ReasonClosed": {
      "Name": "Unassigned"
    },
    "Summary": "Can't save",
    "Type": {
      "Name": "Issue",
      "Id": 3
    },
    "VoteCount": 1,
    "Id": 5986
  },
  "FileAttachments": [],
  "Comments": []
}