{
  "WorkItem": {
    "AffectedComponent": {
      "Name": "",
      "DisplayName": ""
    },
    "ClosedComment": "fixed in v1.2.1.4",
    "ClosedDate": "2010-04-21T08:01:17.427-07:00",
    "CommentCount": 0,
    "Custom": null,
    "Description": "if attributes are selected via a XPath expression like \"//@*[string-length() > 5]\", than extracting this selection results will last in something not really usable - a simply concatenated string below the root node in this way:\n \n    <root>attribute1Name=\"attribute1Value\"attribute2Name=\"attribute2Value\"...attributeNName=\"attributeNValue\"</root>\n \nSince XPathVisualizer does not handle attributes as nodes or objects while evaluating XPath expressions, why not handle them as nodes in an extraction result?\n \n    <root><attribute1Name>attribute1Value</attribute1Name><attribute2Name>attribute2Value</attribute2Name>...<attributeNName>attributeNValue</attributeNName></root>",
    "LastUpdatedDate": "2013-05-16T03:47:54.58-07:00",
    "PlannedForRelease": "",
    "ReleaseVisibleToPublic": false,
    "Priority": {
      "Name": "Low",
      "Severity": 50,
      "Id": 1
    },
    "ProjectName": "XPathVisualizer",
    "ReportedDate": "2010-04-19T08:15:07.567-07:00",
    "Status": {
      "Name": "Closed",
      "Id": 4
    },
    "ReasonClosed": {
      "Name": "Unassigned"
    },
    "Summary": "Transform Attributes to Elements when extracting",
    "Type": {
      "Name": "Issue",
      "Id": 3
    },
    "VoteCount": 1,
    "Id": 4285
  },
  "FileAttachments": [],
  "Comments": [
    {
      "Message": "Hi Cheeso,\r\n\r\nwhat's about a small change in your implementation?\r\n\r\nCould you remove the quotes around the attribute values in the text nodes of the generated \"attibutes\" XML?\r\n\r\nSo now ...\r\n\r\n     <root><attribute1Name>\"attribute1Value\"</attribute1Name>...</root>\r\n\r\nSo then ...\r\n\r\n     <root><attribute1Name>attribute1Value</attribute1Name>...</root>\r\n\r\nBest regards,\r\n\r\nMartin",
      "PostedDate": "2010-04-19T23:54:38.513-07:00",
      "Id": -2147483648
    },
    {
      "Message": "implemented in changeset 42022.  First binary v1.2.1.1\r\n\r\n\n\n** Closed by Cheeso 4/19/2010 9:15 AM",
      "PostedDate": "2010-04-20T05:33:35.563-07:00",
      "Id": -2147483648
    },
    {
      "Message": "re-opened to modify the implementation",
      "PostedDate": "2010-04-20T05:33:36.27-07:00",
      "Id": -2147483648
    },
    {
      "Message": "Ok, the update v1.2.1.4 has the modification you asked for.   I also tried to make it smarter about extracting text and comment nodes.   I'd like you to test other types of nodesets - comments, declarations, text, and possibly mixed node sets.   Let me know. ",
      "PostedDate": "2010-04-20T06:29:34.86-07:00",
      "Id": -2147483648
    },
    {
      "Message": "",
      "PostedDate": "2010-04-21T08:01:17.427-07:00",
      "Id": -2147483648
    },
    {
      "Message": "",
      "PostedDate": "2013-02-21T16:27:02.417-08:00",
      "Id": -2147483648
    },
    {
      "Message": "",
      "PostedDate": "2013-05-16T03:47:54.58-07:00",
      "Id": -2147483648
    }
  ]
}