{
  "WorkItem": {
    "AffectedComponent": {
      "Name": "",
      "DisplayName": ""
    },
    "ClosedComment": "fixed in changeset 32179.  first binary v1.1.0.11",
    "ClosedDate": "2009-11-20T09:51:04.76-08:00",
    "CommentCount": 0,
    "Custom": null,
    "Description": "When using XPath Visualizer with an InfoPath xml Document the autoloading of namespaces and prefixes does not happen correctly.  It will find one of the namespaces but quite often there will be multiple namespaces involved.",
    "LastUpdatedDate": "2013-05-16T03:47:59.707-07:00",
    "PlannedForRelease": "",
    "ReleaseVisibleToPublic": false,
    "Priority": {
      "Name": "Low",
      "Severity": 50,
      "Id": 1
    },
    "ProjectName": "XPathVisualizer",
    "ReportedDate": "2009-11-19T20:13:59.587-08:00",
    "Status": {
      "Name": "Closed",
      "Id": 4
    },
    "ReasonClosed": {
      "Name": "Unassigned"
    },
    "Summary": "Namespaces and prefixes not loading all namespaces",
    "Type": {
      "Name": "Issue",
      "Id": 3
    },
    "VoteCount": 1,
    "Id": 3381
  },
  "FileAttachments": [],
  "Comments": [
    {
      "Message": "Thanks for reporting this. I've reproduced the behavior here.",
      "PostedDate": "2009-11-20T08:07:51.22-08:00",
      "Id": -2147483648
    },
    {
      "Message": "",
      "PostedDate": "2009-11-20T09:51:04.76-08:00",
      "Id": -2147483648
    },
    {
      "Message": "",
      "PostedDate": "2013-02-21T16:27:06.863-08:00",
      "Id": -2147483648
    },
    {
      "Message": "",
      "PostedDate": "2013-05-16T03:47:59.707-07:00",
      "Id": -2147483648
    }
  ]
}