{
  "WorkItem": {
    "AffectedComponent": {
      "Name": "",
      "DisplayName": ""
    },
    "ClosedComment": "fixed in v1.2.1.0",
    "ClosedDate": "2010-04-19T08:15:46.79-07:00",
    "CommentCount": 0,
    "Custom": null,
    "Description": "Hello,\n \nafter loading a HTML file containing a HTML comment, which stopped the parser, I tried to evaluate a XPath expression with the result of the error message \"Object reference not set to an instance of an object\".\n \nI attached a screenshot of the non-parsed HTML file in the XPathVisualizer.\n \nBest regards,\n \nMartin",
    "LastUpdatedDate": "2013-05-16T03:47:55.123-07:00",
    "PlannedForRelease": "",
    "ReleaseVisibleToPublic": false,
    "Priority": {
      "Name": "Low",
      "Severity": 50,
      "Id": 1
    },
    "ProjectName": "XPathVisualizer",
    "ReportedDate": "2010-04-13T05:57:41.18-07:00",
    "Status": {
      "Name": "Closed",
      "Id": 4
    },
    "ReasonClosed": {
      "Name": "Unassigned"
    },
    "Summary": "Error evaluating XPath expression on non-parsable file - \"Object reference not set ...\"",
    "Type": {
      "Name": "Issue",
      "Id": 3
    },
    "VoteCount": 1,
    "Id": 4267
  },
  "FileAttachments": [
    {
      "FileId": 1567,
      "FileName": "xpathvisualizer.jpg",
      "DownloadUrl": ".\\1567"
    },
    {
      "FileId": 1571,
      "FileName": "archive.org.xhtml",
      "DownloadUrl": ".\\1571"
    }
  ],
  "Comments": [
    {
      "Message": "This is expected.  As the error message says:  An XML comment cannot contain -- .   \r\nYours is not a compliant document.   The tool won't work with that comment.  If you remove the comment, and other non-compliant stuff, it should work fine. ",
      "PostedDate": "2010-04-13T12:55:42.41-07:00",
      "Id": -2147483648
    },
    {
      "Message": "I understand your words, but I did not agree about your applications behavior.\r\n\r\nIf the file contents are not parsable, than the \"Eval\" button has to be disabled ...\r\n... or an apropiate error message should be shown after pressing the \"Eval\" button.\r\n\r\nBut here the .NET internal message pops up \"Object reference not set ...\". This tells nothing about the problem!\r\n\r\nAnd ... I simply overlooked the error message in the status line! So I tried to use an XPath expression on this particular file!",
      "PostedDate": "2010-04-14T00:19:02-07:00",
      "Id": -2147483648
    },
    {
      "Message": "Yes, Martin, I think you are quite correct.      Can you upload a simple HTML file that causes this problem?   I'll fix it in the way you suggest - so that it handles the situation more gracefully. \r\n \r\n",
      "PostedDate": "2010-04-14T12:02:13.99-07:00",
      "Id": -2147483648
    },
    {
      "Message": "Here the example file.",
      "PostedDate": "2010-04-15T01:48:13.25-07:00",
      "Id": -2147483648
    },
    {
      "Message": "",
      "PostedDate": "2010-04-15T01:48:14.677-07:00",
      "Id": -2147483648
    },
    {
      "Message": "Martin, what if the situation were to be handled like this:  http://i41.tinypic.com/qxpfgo.jpg",
      "PostedDate": "2010-04-18T07:40:32.457-07:00",
      "Id": -2147483648
    },
    {
      "Message": "Yes - why not.\r\n\r\nIt's clear what's going on!\r\n\r\nThanks for your reaction!\r\n\r\nHave a nice week,\r\n\r\nMartin",
      "PostedDate": "2010-04-19T01:33:07.913-07:00",
      "Id": -2147483648
    },
    {
      "Message": "ok, check out v1.2.1.0 .  There's a context menu in the textbox, that allows you to extract the selected nodes. \r\nThat function is also bound to ctrl-E.  \r\n\r\n",
      "PostedDate": "2010-04-19T07:14:43.867-07:00",
      "Id": -2147483648
    },
    {
      "Message": "",
      "PostedDate": "2010-04-19T08:15:46.79-07:00",
      "Id": -2147483648
    },
    {
      "Message": "",
      "PostedDate": "2013-02-21T16:27:03.49-08:00",
      "Id": -2147483648
    },
    {
      "Message": "",
      "PostedDate": "2013-05-16T03:47:55.123-07:00",
      "Id": -2147483648
    }
  ]
}