{
  "WorkItem": {
    "AffectedComponent": {
      "Name": "",
      "DisplayName": ""
    },
    "ClosedComment": "fixed in changeset 66688. First binary release with this change&#58; v1.3. ",
    "ClosedDate": "2011-05-16T19:06:21.2-07:00",
    "CommentCount": 0,
    "Custom": null,
    "Description": "with a menu-bar at the top... File....View....Help...  etc. \n \nFile:  New\n        Open\n        Save\n \nEdit;  Copy \n        Paste\n \n \nView: Options:  display line numbers\n                       reformat on open\n                       internal DTD Resolution\n \nHelp:  About\n          Check for Updates\n \nor consider implementing the Ribbon toolbar interface.\n \nsee http://blogs.microsoft.co.il/blogs/arik/archive/tags/Ribbon/default.aspx\n \nand http://windowsribbon.codeplex.com/",
    "LastUpdatedDate": "2013-05-16T03:47:54.863-07:00",
    "PlannedForRelease": "",
    "ReleaseVisibleToPublic": false,
    "Priority": {
      "Name": "Low",
      "Severity": 50,
      "Id": 1
    },
    "ProjectName": "XPathVisualizer",
    "ReportedDate": "2010-04-14T12:20:54.987-07:00",
    "Status": {
      "Name": "Closed",
      "Id": 4
    },
    "ReasonClosed": {
      "Name": "Unassigned"
    },
    "Summary": "Move to a more conventional UI",
    "Type": {
      "Name": "Issue",
      "Id": 3
    },
    "VoteCount": 1,
    "Id": 4276
  },
  "FileAttachments": [],
  "Comments": [
    {
      "Message": "first update, changeset 66658",
      "PostedDate": "2011-05-15T22:17:46.38-07:00",
      "Id": -2147483648
    },
    {
      "Message": "",
      "PostedDate": "2011-05-16T19:06:21.2-07:00",
      "Id": -2147483648
    },
    {
      "Message": "",
      "PostedDate": "2013-02-21T16:27:02.763-08:00",
      "Id": -2147483648
    },
    {
      "Message": "",
      "PostedDate": "2013-05-16T03:47:54.863-07:00",
      "Id": -2147483648
    }
  ]
}