{
  "WorkItem": {
    "AffectedComponent": {
      "Name": "",
      "DisplayName": ""
    },
    "ClosedComment": "fixed in changeset 32589.  first binary&#58;  v1.1.0.15",
    "ClosedDate": "2009-12-01T09:03:35.593-08:00",
    "CommentCount": 0,
    "Custom": null,
    "Description": "Hello,\n \nI really would like to have a more user friendly error message, if a XPath expression fails in its interpretation.\n \nInstead of this message box showing the exceptions message and exceptions stack trace, the message only seems to sufficient.\n \nBest regards,\n \nMartin",
    "LastUpdatedDate": "2013-05-16T03:47:58.49-07:00",
    "PlannedForRelease": "",
    "ReleaseVisibleToPublic": false,
    "Priority": {
      "Name": "Low",
      "Severity": 50,
      "Id": 1
    },
    "ProjectName": "XPathVisualizer",
    "ReportedDate": "2009-11-27T05:03:02.347-08:00",
    "Status": {
      "Name": "Closed",
      "Id": 4
    },
    "ReasonClosed": {
      "Name": "Unassigned"
    },
    "Summary": "ER: catch invalid XPath expression exception trace and present a more user friendly message",
    "Type": {
      "Name": "Issue",
      "Id": 3
    },
    "VoteCount": 1,
    "Id": 3483
  },
  "FileAttachments": [],
  "Comments": [
    {
      "Message": "A good suggestion",
      "PostedDate": "2009-11-29T08:24:34.177-08:00",
      "Id": -2147483648
    },
    {
      "Message": "",
      "PostedDate": "2009-12-01T09:03:35.593-08:00",
      "Id": -2147483648
    },
    {
      "Message": "",
      "PostedDate": "2013-02-21T16:27:05.73-08:00",
      "Id": -2147483648
    },
    {
      "Message": "",
      "PostedDate": "2013-05-16T03:47:58.49-07:00",
      "Id": -2147483648
    }
  ]
}