{
  "WorkItem": {
    "AffectedComponent": {
      "Name": "",
      "DisplayName": ""
    },
    "ClosedComment": "",
    "ClosedDate": null,
    "CommentCount": 0,
    "Custom": null,
    "Description": "I was excited to try this app, but I can't see the menu bar, so I can't load any XML into it. I tried uninstalling, and reinstalling the MSI for version 1.3.06, but I still have no menus.\n\nI'm running Win7 Ultimate x64.",
    "LastUpdatedDate": "2016-10-28T01:18:23.237-07:00",
    "PlannedForRelease": "",
    "ReleaseVisibleToPublic": false,
    "Priority": {
      "Name": "Low",
      "Severity": 50,
      "Id": 1
    },
    "ProjectName": "XPathVisualizer",
    "ReportedDate": "2012-12-30T14:41:52.613-08:00",
    "Status": {
      "Name": "Proposed",
      "Id": 1
    },
    "ReasonClosed": {
      "Name": "Unassigned"
    },
    "Summary": "No menu bar, can't load anything",
    "Type": {
      "Name": "Issue",
      "Id": 3
    },
    "VoteCount": 18,
    "Id": 8484
  },
  "FileAttachments": [],
  "Comments": [
    {
      "Message": "You can hit alt to display the menu. I have the same issue. Pressing alt and selecting File->New helped.\r\n\r\nWeird bug though.",
      "PostedDate": "2012-12-31T07:41:57.067-08:00",
      "Id": -2147483648
    },
    {
      "Message": "",
      "PostedDate": "2013-02-17T03:15:33.017-08:00",
      "Id": -2147483648
    },
    {
      "Message": "",
      "PostedDate": "2013-02-21T15:25:32.317-08:00",
      "Id": -2147483648
    },
    {
      "Message": "I am having the exact same issue on Windows7 Professiona",
      "PostedDate": "2013-02-21T15:26:10.367-08:00",
      "Id": -2147483648
    },
    {
      "Message": "",
      "PostedDate": "2013-02-21T16:26:54.26-08:00",
      "Id": -2147483648
    },
    {
      "Message": "",
      "PostedDate": "2013-04-24T06:16:00.493-07:00",
      "Id": -2147483648
    },
    {
      "Message": "",
      "PostedDate": "2013-05-30T11:10:30.027-07:00",
      "Id": -2147483648
    },
    {
      "Message": "",
      "PostedDate": "2013-08-13T17:17:44.53-07:00",
      "Id": -2147483648
    },
    {
      "Message": "",
      "PostedDate": "2013-11-28T01:47:59.277-08:00",
      "Id": -2147483648
    },
    {
      "Message": "",
      "PostedDate": "2014-02-12T06:26:49.183-08:00",
      "Id": -2147483648
    },
    {
      "Message": "",
      "PostedDate": "2014-02-17T08:57:03.71-08:00",
      "Id": -2147483648
    },
    {
      "Message": "The advice from @Seikilos sorted it for me - the menu bar is hidden until you press ALT.",
      "PostedDate": "2014-03-05T01:46:47.26-08:00",
      "Id": -2147483648
    },
    {
      "Message": "",
      "PostedDate": "2014-03-05T01:47:28.62-08:00",
      "Id": -2147483648
    },
    {
      "Message": "",
      "PostedDate": "2014-08-14T11:30:49.96-07:00",
      "Id": -2147483648
    },
    {
      "Message": "",
      "PostedDate": "2014-09-16T20:13:07.543-07:00",
      "Id": -2147483648
    },
    {
      "Message": "",
      "PostedDate": "2014-09-24T08:16:59.223-07:00",
      "Id": -2147483648
    },
    {
      "Message": "",
      "PostedDate": "2014-09-24T08:47:45.557-07:00",
      "Id": -2147483648
    },
    {
      "Message": "",
      "PostedDate": "2014-11-19T11:55:28.257-08:00",
      "Id": -2147483648
    },
    {
      "Message": "",
      "PostedDate": "2016-04-05T14:01:20.377-07:00",
      "Id": -2147483648
    },
    {
      "Message": "",
      "PostedDate": "2016-07-11T14:11:24.847-07:00",
      "Id": -2147483648
    },
    {
      "Message": "",
      "PostedDate": "2016-10-28T01:18:23.237-07:00",
      "Id": -2147483648
    }
  ]
}