{
  "WorkItem": {
    "AffectedComponent": {
      "Name": "",
      "DisplayName": ""
    },
    "ClosedComment": "",
    "ClosedDate": null,
    "CommentCount": 0,
    "Custom": null,
    "Description": "I downloaded the latest version(1.3), but when it runs I dont get all the controls in the UI. I see the xpath query box but have most of the other elements missing See the attached image. I'm running W7-64 with .net 4.0 installed. I also had a co-worker try the tool and he had the same issue.",
    "LastUpdatedDate": "2014-09-16T20:13:13.707-07:00",
    "PlannedForRelease": "",
    "ReleaseVisibleToPublic": false,
    "Priority": {
      "Name": "Low",
      "Severity": 50,
      "Id": 1
    },
    "ProjectName": "XPathVisualizer",
    "ReportedDate": "2011-12-09T03:59:40.78-08:00",
    "Status": {
      "Name": "Proposed",
      "Id": 1
    },
    "ReasonClosed": {
      "Name": "Unassigned"
    },
    "Summary": "Missing UI elements",
    "Type": {
      "Name": "Issue",
      "Id": 3
    },
    "VoteCount": 7,
    "Id": 7524
  },
  "FileAttachments": [
    {
      "FileId": 2707,
      "FileName": "xpathvisualizerUI.png",
      "DownloadUrl": ".\\2707"
    }
  ],
  "Comments": [
    {
      "Message": "What elements are you looking for?\r\n\r\nThe menu will appear if you press the ALT key. Is that what you are looking for?\r\n\r\n",
      "PostedDate": "2011-12-09T14:33:44.54-08:00",
      "Id": -2147483648
    },
    {
      "Message": "Ah, I didnt realise about the alt key. Now I see the menu and can load and xml file. It doesn't mention about the alt key in the docs.\r\nEven then the images in the docs don't match up with the layout of the current version it seems. As a first time user this is confusing. Just so you know.\r\nThanks for the help",
      "PostedDate": "2011-12-10T10:54:27.43-08:00",
      "Id": -2147483648
    },
    {
      "Message": "",
      "PostedDate": "2011-12-21T08:37:17.173-08:00",
      "Id": -2147483648
    },
    {
      "Message": "",
      "PostedDate": "2011-12-28T11:12:53.22-08:00",
      "Id": -2147483648
    },
    {
      "Message": "could you please add a File, Open menu item?  using the 'ALT' key to display the menu is not useful and certainly confusing since the app is initialized with the menu hidden!",
      "PostedDate": "2011-12-28T11:14:48.463-08:00",
      "Id": -2147483648
    },
    {
      "Message": "",
      "PostedDate": "2012-06-08T08:37:35.13-07:00",
      "Id": -2147483648
    },
    {
      "Message": "",
      "PostedDate": "2012-06-22T20:53:16.797-07:00",
      "Id": -2147483648
    },
    {
      "Message": "",
      "PostedDate": "2012-10-26T06:57:48.247-07:00",
      "Id": -2147483648
    },
    {
      "Message": "",
      "PostedDate": "2013-02-21T16:26:55.82-08:00",
      "Id": -2147483648
    },
    {
      "Message": "",
      "PostedDate": "2014-09-16T20:13:13.707-07:00",
      "Id": -2147483648
    }
  ]
}