{
  "WorkItem": {
    "AffectedComponent": {
      "Name": "",
      "DisplayName": ""
    },
    "ClosedComment": "",
    "ClosedDate": null,
    "CommentCount": 0,
    "Custom": null,
    "Description": "When I select text in the loaded document and hit the copy keyboard shortcut it causes a document reload.\n \nI'm testing with a large document and this eats a lot of time. Can you optimize the code not to reload unless the document is changed?",
    "LastUpdatedDate": "2013-02-21T16:27:00.063-08:00",
    "PlannedForRelease": "",
    "ReleaseVisibleToPublic": false,
    "Priority": {
      "Name": "Low",
      "Severity": 50,
      "Id": 1
    },
    "ProjectName": "XPathVisualizer",
    "ReportedDate": "2011-04-22T16:46:04.6-07:00",
    "Status": {
      "Name": "Proposed",
      "Id": 1
    },
    "ReasonClosed": {
      "Name": "Unassigned"
    },
    "Summary": "Don't reload document on Ctrl-C",
    "Type": {
      "Name": "Issue",
      "Id": 3
    },
    "VoteCount": 1,
    "Id": 6516
  },
  "FileAttachments": [],
  "Comments": []
}