{
  "WorkItem": {
    "AffectedComponent": {
      "Name": "",
      "DisplayName": ""
    },
    "ClosedComment": "fixed in changeset 60201.  The first binary release in which this fix will be available is v1.2.1.7. ",
    "ClosedDate": "2010-12-21T23:22:53.217-08:00",
    "CommentCount": 0,
    "Custom": null,
    "Description": "ctrl-N to create a new, blank tab.\n \nThen ctrl-v to past in some XML. \n \nLooks like Times Roman font, instead of consolas or something appropriate.",
    "LastUpdatedDate": "2013-05-16T03:47:53.173-07:00",
    "PlannedForRelease": "",
    "ReleaseVisibleToPublic": false,
    "Priority": {
      "Name": "Low",
      "Severity": 50,
      "Id": 1
    },
    "ProjectName": "XPathVisualizer",
    "ReportedDate": "2010-12-21T22:33:10.573-08:00",
    "Status": {
      "Name": "Closed",
      "Id": 4
    },
    "ReasonClosed": {
      "Name": "Unassigned"
    },
    "Summary": "pasting XML content into the richtextbox causes the wrong font to be used",
    "Type": {
      "Name": "Issue",
      "Id": 3
    },
    "VoteCount": 1,
    "Id": 5987
  },
  "FileAttachments": [],
  "Comments": []
}