{
  "WorkItem": {
    "AffectedComponent": {
      "Name": "",
      "DisplayName": ""
    },
    "ClosedComment": "implemented in Changeset &#35;42042.  First binary  v1.2.1.2.  ",
    "ClosedDate": "2010-04-19T18:45:08.267-07:00",
    "CommentCount": 0,
    "Custom": null,
    "Description": "font for the line numbers.\nLeading Zeros\nthickness and color of the divider line. \n \nfix the hijacking of the Margin property.  Make sure if the caller sets the Margin, it stays set, and does not get reset.  This may be only a matter of testing.",
    "LastUpdatedDate": "2013-05-16T03:47:54.443-07:00",
    "PlannedForRelease": "",
    "ReleaseVisibleToPublic": false,
    "Priority": {
      "Name": "Low",
      "Severity": 50,
      "Id": 1
    },
    "ProjectName": "XPathVisualizer",
    "ReportedDate": "2010-04-19T09:17:38.887-07:00",
    "Status": {
      "Name": "Closed",
      "Id": 4
    },
    "ReasonClosed": {
      "Name": "Unassigned"
    },
    "Summary": "Extend RichTextBoxEx with additional features",
    "Type": {
      "Name": "Issue",
      "Id": 3
    },
    "VoteCount": 1,
    "Id": 4286
  },
  "FileAttachments": [],
  "Comments": []
}