{
  "WorkItem": {
    "AffectedComponent": {
      "Name": "",
      "DisplayName": ""
    },
    "ClosedComment": "",
    "ClosedDate": null,
    "CommentCount": 0,
    "Custom": null,
    "Description": "When opening a 50MB file the application becomes unresponsive.\nI'm looking it at it now wondering if it's going to finish. \nThe status bar says \"Ready\"",
    "LastUpdatedDate": "2013-08-11T14:34:29.567-07:00",
    "PlannedForRelease": "",
    "ReleaseVisibleToPublic": false,
    "Priority": {
      "Name": "Unassigned",
      "Severity": 0,
      "Id": 0
    },
    "ProjectName": "XPathVisualizer",
    "ReportedDate": "2013-08-11T14:34:29.567-07:00",
    "Status": {
      "Name": "Proposed",
      "Id": 1
    },
    "ReasonClosed": {
      "Name": "Unassigned"
    },
    "Summary": "opening 50MB file unresponsive.",
    "Type": {
      "Name": "Unassigned",
      "Id": 5
    },
    "VoteCount": 1,
    "Id": 8942
  },
  "FileAttachments": [],
  "Comments": []
}