{
  "WorkItem": {
    "AffectedComponent": {
      "Name": "",
      "DisplayName": ""
    },
    "ClosedComment": "",
    "ClosedDate": null,
    "CommentCount": 0,
    "Custom": null,
    "Description": "http://xmlgrid.codeplex.com/\n \nThis view looks a lot like ALtovaXmlSpy. It would be nice if you could view the XML in this format as well as the colorized RTF format. Obviously there would be the issue of can you expand/collapse the grid based on a particular XPath.",
    "LastUpdatedDate": "2013-02-21T16:26:56.883-08:00",
    "PlannedForRelease": "",
    "ReleaseVisibleToPublic": false,
    "Priority": {
      "Name": "Low",
      "Severity": 50,
      "Id": 1
    },
    "ProjectName": "XPathVisualizer",
    "ReportedDate": "2011-11-11T18:49:38.58-08:00",
    "Status": {
      "Name": "Proposed",
      "Id": 1
    },
    "ReasonClosed": {
      "Name": "Unassigned"
    },
    "Summary": "Integrate XmlGridControl as an alternative view of the XML",
    "Type": {
      "Name": "Issue",
      "Id": 3
    },
    "VoteCount": 1,
    "Id": 7440
  },
  "FileAttachments": [],
  "Comments": []
}