{
  "WorkItem": {
    "AffectedComponent": {
      "Name": "",
      "DisplayName": ""
    },
    "ClosedComment": "Not reproducible",
    "ClosedDate": "2010-04-01T12:11:52.877-07:00",
    "CommentCount": 0,
    "Custom": null,
    "Description": "there appears to be a problem when you load a document and then add namespaces and prefixes.  It appears that the document reloads itself, and as part of that process it clears the existing namespaces and resets it back to the original namespace.",
    "LastUpdatedDate": "2013-05-16T03:47:59.423-07:00",
    "PlannedForRelease": "",
    "ReleaseVisibleToPublic": false,
    "Priority": {
      "Name": "Low",
      "Severity": 50,
      "Id": 1
    },
    "ProjectName": "XPathVisualizer",
    "ReportedDate": "2009-11-19T20:17:12.697-08:00",
    "Status": {
      "Name": "Closed",
      "Id": 4
    },
    "ReasonClosed": {
      "Name": "Unassigned"
    },
    "Summary": "Adding prefixes and namespaces gets removed",
    "Type": {
      "Name": "Issue",
      "Id": 3
    },
    "VoteCount": 1,
    "Id": 3382
  },
  "FileAttachments": [],
  "Comments": [
    {
      "Message": "Hi, I couldn't reproduce this problem, or I don't understand what the problem is.  Could you provide an XML file, and then a very detailed list of steps required to reproduce the problem?  If you could do it with v1.1.0.11, that would be great.  I fixed your other problem, I think (workitem 3381) in that release.  It may be that this problem is fixed, too. \r\nI'll wait to hear from you. ",
      "PostedDate": "2009-11-20T09:52:45.37-08:00",
      "Id": -2147483648
    },
    {
      "Message": "",
      "PostedDate": "2010-04-01T12:11:52.877-07:00",
      "Id": -2147483648
    },
    {
      "Message": "",
      "PostedDate": "2013-02-21T16:27:06.663-08:00",
      "Id": -2147483648
    },
    {
      "Message": "",
      "PostedDate": "2013-05-16T03:47:59.423-07:00",
      "Id": -2147483648
    }
  ]
}