{
  "WorkItem": {
    "AffectedComponent": {
      "Name": "",
      "DisplayName": ""
    },
    "ClosedComment": "Fixed in changeset &#35;70900. First binary &#58; v1.3.0.6",
    "ClosedDate": "2011-11-10T08:55:00.253-08:00",
    "CommentCount": 0,
    "Custom": null,
    "Description": "Right now, after the user modifies the XML document, the XPath expression is not automatically re-evaluated.  It should be.",
    "LastUpdatedDate": "2013-05-16T03:47:51.08-07:00",
    "PlannedForRelease": "",
    "ReleaseVisibleToPublic": false,
    "Priority": {
      "Name": "Low",
      "Severity": 50,
      "Id": 1
    },
    "ProjectName": "XPathVisualizer",
    "ReportedDate": "2011-11-10T08:25:31.48-08:00",
    "Status": {
      "Name": "Closed",
      "Id": 4
    },
    "ReasonClosed": {
      "Name": "Unassigned"
    },
    "Summary": "Automatically re-evaluate XPath after modifying the document.",
    "Type": {
      "Name": "Issue",
      "Id": 3
    },
    "VoteCount": 1,
    "Id": 7432
  },
  "FileAttachments": [],
  "Comments": []
}