[
  {
    "Id": 2760,
    "Title": "Please Add Functions"
  },
  {
    "Id": 2766,
    "Title": "Support cut-n-Paste into the XML textbox in the UI"
  },
  {
    "Id": 2767,
    "Title": "Add an option to ignore or strip namespaces from the XML"
  },
  {
    "Id": 2848,
    "Title": "XPath autocomplete/helper"
  },
  {
    "Id": 2849,
    "Title": "Add option to ignore DTD or XSD"
  },
  {
    "Id": 3381,
    "Title": "Namespaces and prefixes not loading all namespaces"
  },
  {
    "Id": 3382,
    "Title": "Adding prefixes and namespaces gets removed"
  },
  {
    "Id": 3386,
    "Title": "Externally modifying the XML doc, then reloading in the tool, causes strange effects"
  },
  {
    "Id": 3391,
    "Title": "Make the tool one EXE; ILMerge the XpathParser.dll into the EXE"
  },
  {
    "Id": 3392,
    "Title": "Don't use the memorized setting for the splitter on startup"
  },
  {
    "Id": 3482,
    "Title": "ER: Some hotkeys and/or UI elements to step through the occurrences referenced by a XPath expression"
  },
  {
    "Id": 3483,
    "Title": "ER: catch invalid XPath expression exception trace and present a more user friendly message"
  },
  {
    "Id": 3489,
    "Title": "Let the user configure the access to \"external\" DTDs, and schemes ..."
  },
  {
    "Id": 3490,
    "Title": "Use an XPath to \"crop\" or \"shrink\" a file to include only matching nodes"
  },
  {
    "Id": 3491,
    "Title": "Allow \"cascade\" XPath expression evaluations - \"Search in Result\" feature ..."
  },
  {
    "Id": 3500,
    "Title": "Trigger XPath expression evaluation on pressing ENTER inside the XPath entry element"
  },
  {
    "Id": 3503,
    "Title": "Unhandled exception while removing highlighted XML parts"
  },
  {
    "Id": 3505,
    "Title": "XpathVisualizer-v1.1-bin.zip contains only the readme"
  },
  {
    "Id": 4047,
    "Title": "XPathVisualizer-1.1-bin.zip still contains version 1.1.19"
  },
  {
    "Id": 4159,
    "Title": "Index was out of range exception"
  },
  {
    "Id": 4231,
    "Title": "If the XML is not well-formed, no feedback is given about the problem."
  },
  {
    "Id": 4232,
    "Title": "Consider how to support poorly-formatted HTML - a convert-to-XHTML option?"
  },
  {
    "Id": 4233,
    "Title": "Ctrl-S should re-save the file if it has already been saved"
  },
  {
    "Id": 4267,
    "Title": "Error evaluating XPath expression on non-parsable file - \"Object reference not set ...\""
  },
  {
    "Id": 4275,
    "Title": "Make line numbers optional"
  },
  {
    "Id": 4276,
    "Title": "Move to a more conventional UI"
  },
  {
    "Id": 4283,
    "Title": "Formatting of xml declaration is incorrect"
  },
  {
    "Id": 4285,
    "Title": "Transform Attributes to Elements when extracting"
  },
  {
    "Id": 4286,
    "Title": "Extend RichTextBoxEx with additional features"
  },
  {
    "Id": 4308,
    "Title": "invalid XML generated while extracting, because of invalid node attributes parsing"
  },
  {
    "Id": 4309,
    "Title": "Feature Request: \"Pretty Printing\" for extracted XML data"
  },
  {
    "Id": 4673,
    "Title": "Allow user to rename default namespace prefixes from ns1, ns2 etc"
  },
  {
    "Id": 4674,
    "Title": "Distribute in portable format (i.e. zip file)"
  },
  {
    "Id": 4687,
    "Title": "Wrong install folder -   XPath Visualizer 1.1"
  },
  {
    "Id": 5748,
    "Title": "Support command-line parameters on exe startup"
  },
  {
    "Id": 5784,
    "Title": "Incorrect highlighting | visualizing"
  },
  {
    "Id": 5986,
    "Title": "Can't save"
  },
  {
    "Id": 5987,
    "Title": "pasting XML content into the richtextbox causes the wrong font to be used"
  },
  {
    "Id": 6456,
    "Title": "Matches fail if attribute value test contains a \"/\""
  },
  {
    "Id": 6516,
    "Title": "Don't reload document on Ctrl-C"
  },
  {
    "Id": 6517,
    "Title": "Auto-evaluate the Xpath as it changes."
  },
  {
    "Id": 6630,
    "Title": "Move to WIX setup"
  },
  {
    "Id": 6637,
    "Title": "Use Menu item icons to make the menus look nicer"
  },
  {
    "Id": 6638,
    "Title": "The namespace groupbox has a display anomaly"
  },
  {
    "Id": 6693,
    "Title": "query that uses 'contains' gets flagged as invalid"
  },
  {
    "Id": 6694,
    "Title": "Autoevalate of query sometimes needs help"
  },
  {
    "Id": 6695,
    "Title": "Should change highlighting as user scrolls"
  },
  {
    "Id": 6696,
    "Title": "When pasting XPath into the box, need to trim it"
  },
  {
    "Id": 6714,
    "Title": "text nodes are not highlighted properly"
  },
  {
    "Id": 6720,
    "Title": "Make menustrip autohide"
  },
  {
    "Id": 6808,
    "Title": "Remove surprises on extra spaces in the xpath query"
  },
  {
    "Id": 7363,
    "Title": "Multi-Column view when zoomed out"
  },
  {
    "Id": 7427,
    "Title": "One character xpath results are not highlighted"
  },
  {
    "Id": 7429,
    "Title": "The contents of the edit menu should be available as a right click context menu in the Xml RTF box"
  },
  {
    "Id": 7431,
    "Title": "Use the nuget package for ILMERGE instead of a hard coded path"
  },
  {
    "Id": 7432,
    "Title": "Automatically re-evaluate XPath after modifying the document."
  },
  {
    "Id": 7439,
    "Title": "Add an Autoindent option to the Edit menu"
  },
  {
    "Id": 7440,
    "Title": "Integrate XmlGridControl as an alternative view of the XML"
  },
  {
    "Id": 7443,
    "Title": "System.Deployment is an unnecessary Dependency"
  },
  {
    "Id": 7444,
    "Title": "Get working on Mono"
  },
  {
    "Id": 7524,
    "Title": "Missing UI elements"
  },
  {
    "Id": 7621,
    "Title": "Multiple namespaces - unable to select more than one at the time"
  },
  {
    "Id": 7631,
    "Title": "windows xp"
  },
  {
    "Id": 7632,
    "Title": "windows xp"
  },
  {
    "Id": 7633,
    "Title": "windows xp"
  },
  {
    "Id": 7634,
    "Title": "windows xp"
  },
  {
    "Id": 7813,
    "Title": "Windows 2008 R2"
  },
  {
    "Id": 8484,
    "Title": "No menu bar, can't load anything"
  },
  {
    "Id": 8942,
    "Title": "opening 50MB file unresponsive."
  },
  {
    "Id": 9443,
    "Title": "XPath Visualizer hangs when a 10MB document is open"
  },
  {
    "Id": 9489,
    "Title": "Compilation Tips"
  }
]