{
  "WorkItem": {
    "AffectedComponent": {
      "Name": "",
      "DisplayName": ""
    },
    "ClosedComment": "fixed in Changeset &#35;40836 .  First binary&#58;  1.1.0.23",
    "ClosedDate": "2010-03-17T15:31:25.5-07:00",
    "CommentCount": 0,
    "Custom": null,
    "Description": "I loaded up an unattend.xml file and entered / as the query. Clicking Eval resulted in the following exception:\n \n************** Exception Text **************\nSystem.ArgumentOutOfRangeException: Index was out of range. Must be non-negative and less than the size of the collection.\nParameter name: index\n   at System.ThrowHelper.ThrowArgumentOutOfRangeException()\n   at System.Collections.Generic.List`1.get_Item(Int32 index)\n   at XPathVisualizer.XPathVisualizerTool.scrollToCurrentMatch()\n   at XPathVisualizer.XPathVisualizerTool.btnEvalXpath_Click(Object sender, EventArgs e)\n   at System.Windows.Forms.Control.OnClick(EventArgs e)\n   at System.Windows.Forms.Button.OnMouseUp(MouseEventArgs mevent)\n   at System.Windows.Forms.Control.WmMouseUp(Message& m, MouseButtons button, Int32 clicks)\n   at System.Windows.Forms.Control.WndProc(Message& m)\n   at System.Windows.Forms.ButtonBase.WndProc(Message& m)\n   at System.Windows.Forms.Button.WndProc(Message& m)\n   at System.Windows.Forms.Control.ControlNativeWindow.WndProc(Message& m)\n   at System.Windows.Forms.NativeWindow.Callback(IntPtr hWnd, Int32 msg, IntPtr wparam, IntPtr lparam)",
    "LastUpdatedDate": "2013-05-16T03:47:55.61-07:00",
    "PlannedForRelease": "",
    "ReleaseVisibleToPublic": false,
    "Priority": {
      "Name": "Low",
      "Severity": 50,
      "Id": 1
    },
    "ProjectName": "XPathVisualizer",
    "ReportedDate": "2010-03-13T03:37:40.847-08:00",
    "Status": {
      "Name": "Closed",
      "Id": 4
    },
    "ReasonClosed": {
      "Name": "Unassigned"
    },
    "Summary": "Index was out of range exception",
    "Type": {
      "Name": "Issue",
      "Id": 3
    },
    "VoteCount": 1,
    "Id": 4159
  },
  "FileAttachments": [],
  "Comments": []
}