{
  "WorkItem": {
    "AffectedComponent": {
      "Name": "",
      "DisplayName": ""
    },
    "ClosedComment": "Fixed in v1.2.1.0",
    "ClosedDate": "2010-04-19T08:16:43.127-07:00",
    "CommentCount": 0,
    "Custom": null,
    "Description": "For example, try this: \n \n<?xml version=\"1.0\" encoding=\"utf-16\"?> \n<!DOCTYPE html PUBLIC \"-//W3C//DTD XHTML 1.0 Transitional//EN\" \"http://www.w3.org/TR/xhtml1/DTD/xhtml1-transitional.dtd\"[]>\n \nor, \n \n<?xml version=\"1.0\" encoding=\"utf-16\"?>\n<?xml-stylesheet type=\"text/xsl\" href=\"http://blogs.msdn.com/utility/FeedStylesheets/rss.xsl\" media=\"screen\"?>\n \n \n(from http://blogs.msdn.com/xmlteam/rss.xml)",
    "LastUpdatedDate": "2013-05-16T03:47:54.723-07:00",
    "PlannedForRelease": "",
    "ReleaseVisibleToPublic": false,
    "Priority": {
      "Name": "Low",
      "Severity": 50,
      "Id": 1
    },
    "ProjectName": "XPathVisualizer",
    "ReportedDate": "2010-04-17T13:53:06.65-07:00",
    "Status": {
      "Name": "Closed",
      "Id": 4
    },
    "ReasonClosed": {
      "Name": "Unassigned"
    },
    "Summary": "Formatting of xml declaration is incorrect",
    "Type": {
      "Name": "Issue",
      "Id": 3
    },
    "VoteCount": 1,
    "Id": 4283
  },
  "FileAttachments": [],
  "Comments": []
}