{
  "WorkItem": {
    "AffectedComponent": {
      "Name": "",
      "DisplayName": ""
    },
    "ClosedComment": "",
    "ClosedDate": null,
    "CommentCount": 0,
    "Custom": null,
    "Description": "Version 1.3.0.6.\n \nSee attached XML document.\n \nI'm trying to select \"/Envelope/Body/MessageParts/SalesOrder\" - but without any results. I can't activate the second namespace and there unable to make my xPath query work.",
    "LastUpdatedDate": "2013-02-21T16:26:55.647-08:00",
    "PlannedForRelease": "",
    "ReleaseVisibleToPublic": false,
    "Priority": {
      "Name": "Low",
      "Severity": 50,
      "Id": 1
    },
    "ProjectName": "XPathVisualizer",
    "ReportedDate": "2012-01-12T01:04:37.757-08:00",
    "Status": {
      "Name": "Proposed",
      "Id": 1
    },
    "ReasonClosed": {
      "Name": "Unassigned"
    },
    "Summary": "Multiple namespaces - unable to select more than one at the time",
    "Type": {
      "Name": "Issue",
      "Id": 3
    },
    "VoteCount": 1,
    "Id": 7621
  },
  "FileAttachments": [
    {
      "FileId": 2729,
      "FileName": "F0661E99-FB1C-494E-99FC-3F87200D5E3F_1.xml",
      "DownloadUrl": ".\\2729"
    }
  ],
  "Comments": []
}