{
  "WorkItem": {
    "AffectedComponent": {
      "Name": "",
      "DisplayName": ""
    },
    "ClosedComment": "",
    "ClosedDate": null,
    "CommentCount": 0,
    "Custom": null,
    "Description": "I installed XPath Visualizer on my Windows 2008 R2 terminal server, with .Net 3.5 and .Net 4. The installation went smoothly but when I start the application I miss the menus and the containers for the XML content.",
    "LastUpdatedDate": "2014-09-16T20:13:12.73-07:00",
    "PlannedForRelease": "",
    "ReleaseVisibleToPublic": false,
    "Priority": {
      "Name": "Low",
      "Severity": 50,
      "Id": 1
    },
    "ProjectName": "XPathVisualizer",
    "ReportedDate": "2012-03-15T04:58:14.04-07:00",
    "Status": {
      "Name": "Proposed",
      "Id": 1
    },
    "ReasonClosed": {
      "Name": "Unassigned"
    },
    "Summary": "Windows 2008 R2",
    "Type": {
      "Name": "Issue",
      "Id": 3
    },
    "VoteCount": 12,
    "Id": 7813
  },
  "FileAttachments": [
    {
      "FileId": 2822,
      "FileName": "XPathVisualizer on Windows 2008R2.png",
      "DownloadUrl": ".\\2822"
    }
  ],
  "Comments": [
    {
      "Message": "Same problem on Window 7 Ultimate N 64 bit edition",
      "PostedDate": "2012-06-22T20:54:18.947-07:00",
      "Id": -2147483648
    },
    {
      "Message": "",
      "PostedDate": "2012-06-27T07:07:47.34-07:00",
      "Id": -2147483648
    },
    {
      "Message": "I was also surprised.\r\n\r\nBy default, Menubar is hiden (some sort of full view) and there is no tab opened.\r\nBy pressing standard \"Alt\", Menubar is made visible. You can then do a File>New or File>Open. This will give you \"containers for the XML content\".",
      "PostedDate": "2012-08-10T06:22:40.463-07:00",
      "Id": -2147483648
    },
    {
      "Message": "",
      "PostedDate": "2012-08-16T18:10:04.69-07:00",
      "Id": -2147483648
    },
    {
      "Message": "",
      "PostedDate": "2012-10-26T06:57:20.747-07:00",
      "Id": -2147483648
    },
    {
      "Message": "A peek through the source and I've found that the menubar is set to 'autohide'.  As MuiBienCarlota says, pressing 'Alt' brings the bar up and it autohides afterward.  This is by design but I'm struggling to work out why.  I can understand that screen space can be at a premium on busy forms but there is so little actually displayed, I'm not sure what is really being achieved here.\r\n\r\nI would strongly advise that the author add something quite prominent to both the app and the documentation indicating the user needs to press 'Alt' to bring up the menu bar because it's not clear in any way whatsoever.",
      "PostedDate": "2012-10-31T07:19:26.81-07:00",
      "Id": -2147483648
    },
    {
      "Message": "",
      "PostedDate": "2012-12-07T08:24:23.483-08:00",
      "Id": -2147483648
    },
    {
      "Message": "",
      "PostedDate": "2013-01-23T05:23:33.787-08:00",
      "Id": -2147483648
    },
    {
      "Message": "",
      "PostedDate": "2013-02-21T16:26:54.68-08:00",
      "Id": -2147483648
    },
    {
      "Message": "",
      "PostedDate": "2014-09-16T20:13:12.73-07:00",
      "Id": -2147483648
    }
  ]
}