{
  "WorkItem": {
    "AffectedComponent": {
      "Name": "",
      "DisplayName": ""
    },
    "ClosedComment": "fixed in changeset 66686.  First binary release produced via the new setup&#58; v1.3. ",
    "ClosedDate": "2011-05-16T19:07:27.29-07:00",
    "CommentCount": 0,
    "Custom": null,
    "Description": "I don't have the DevEnv.exe any more, so I can't build a VS setup project !\n \nNeed to convert to Wix.",
    "LastUpdatedDate": "2013-05-16T03:47:52.753-07:00",
    "PlannedForRelease": "",
    "ReleaseVisibleToPublic": false,
    "Priority": {
      "Name": "Low",
      "Severity": 50,
      "Id": 1
    },
    "ProjectName": "XPathVisualizer",
    "ReportedDate": "2011-05-15T22:19:25.307-07:00",
    "Status": {
      "Name": "Closed",
      "Id": 4
    },
    "ReasonClosed": {
      "Name": "Unassigned"
    },
    "Summary": "Move to WIX setup",
    "Type": {
      "Name": "Issue",
      "Id": 3
    },
    "VoteCount": 1,
    "Id": 6630
  },
  "FileAttachments": [],
  "Comments": []
}