{
  "WorkItem": {
    "AffectedComponent": {
      "Name": "",
      "DisplayName": ""
    },
    "ClosedComment": "closed, can&#39;t reproduce, no activity.",
    "ClosedDate": "2011-11-10T08:59:28.307-08:00",
    "CommentCount": 0,
    "Custom": null,
    "Description": "Trying to match against something like:\n \n<element attribute=\"m/n\" />\n \nAlways fails if the XPath expression also contains a \"/\", like:\n \nelement[@attribute=\"m/n\"]",
    "LastUpdatedDate": "2013-05-16T03:47:53.047-07:00",
    "PlannedForRelease": "",
    "ReleaseVisibleToPublic": false,
    "Priority": {
      "Name": "Low",
      "Severity": 50,
      "Id": 1
    },
    "ProjectName": "XPathVisualizer",
    "ReportedDate": "2011-04-06T17:36:56.737-07:00",
    "Status": {
      "Name": "Closed",
      "Id": 4
    },
    "ReasonClosed": {
      "Name": "Unassigned"
    },
    "Summary": "Matches fail if attribute value test contains a \"/\"",
    "Type": {
      "Name": "Issue",
      "Id": 3
    },
    "VoteCount": 1,
    "Id": 6456
  },
  "FileAttachments": [
    {
      "FileId": 2445,
      "FileName": "CropperCapture[60].png",
      "DownloadUrl": ".\\2445"
    }
  ],
  "Comments": [
    {
      "Message": "Hey fatcat, it seems to work for me.  \r\nCheck this image:  http://i.imgur.com/Zl6VD.png\r\n\r\nCan you upload an xml document and provide, in comments here, the exact xpath expression you use.  Also - please describe how exactly it \"fails\" .   ",
      "PostedDate": "2011-05-15T20:03:17.57-07:00",
      "Id": -2147483648
    },
    {
      "Message": "",
      "PostedDate": "2011-05-15T20:04:29.793-07:00",
      "Id": -2147483648
    },
    {
      "Message": "Here's the screen shot, attached.",
      "PostedDate": "2011-05-15T20:04:31.557-07:00",
      "Id": -2147483648
    },
    {
      "Message": "",
      "PostedDate": "2011-11-10T08:59:28.307-08:00",
      "Id": -2147483648
    },
    {
      "Message": "",
      "PostedDate": "2013-02-21T16:27:00.247-08:00",
      "Id": -2147483648
    },
    {
      "Message": "",
      "PostedDate": "2013-05-16T03:47:53.047-07:00",
      "Id": -2147483648
    }
  ]
}