{
  "WorkItem": {
    "AffectedComponent": {
      "Name": "",
      "DisplayName": ""
    },
    "ClosedComment": "I didn&#39;t solve this problem generally, but for XHTML files, it&#39;s solved in v1.2.0.1.  Changeset &#35;41365.  With this fix, the w3c&#39;s XHTML 1.0 DTDs are resolved internally, without connecting to w3.org.  You can now edit and query XHTML files. There&#39;s another workitem that asks for a general solution&#58; workitem 3489.  I&#39;d like to see if people are truly interested in that. Please vote it up if so.  ",
    "ClosedDate": "2010-04-01T12:15:22.74-07:00",
    "CommentCount": 0,
    "Custom": null,
    "Description": "Hello,\n \nI just tried to validate the contents of a XHTML file, with a lot of entities, like e.g. &ouml;, &uuml; etc., and it referenced the W3C XHTML DTD, but XPathVisualizer told me, how to rebuild it, with the usability of external references.\n \nI'm no C# or .NET developer and I don't own a regular Visual Studio, nor I have installed an Visual Studio Express Edition, so I really would like to be able to switch on the \"allowance\" for external references, to let the XML parser work on my files.\n \nBest regards,\n \nMartin",
    "LastUpdatedDate": "2013-05-16T03:47:58.127-07:00",
    "PlannedForRelease": "",
    "ReleaseVisibleToPublic": false,
    "Priority": {
      "Name": "Low",
      "Severity": 50,
      "Id": 1
    },
    "ProjectName": "XPathVisualizer",
    "ReportedDate": "2009-11-29T12:03:54.29-08:00",
    "Status": {
      "Name": "Closed",
      "Id": 4
    },
    "ReasonClosed": {
      "Name": "Unassigned"
    },
    "Summary": "Let the user configure the access to \"external\" DTDs, and schemes ...",
    "Type": {
      "Name": "Issue",
      "Id": 3
    },
    "VoteCount": 1,
    "Id": 3489
  },
  "FileAttachments": [],
  "Comments": [
    {
      "Message": "Ok, for now, I turned on the DTD sniffing capability, by default.    I think it's right to make it configurable, but I haven't imagined how to do that yet, in a way that makes it nice from the UI.  \r\n",
      "PostedDate": "2010-03-31T17:46:31.463-07:00",
      "Id": -2147483648
    },
    {
      "Message": "",
      "PostedDate": "2010-04-01T12:15:22.74-07:00",
      "Id": -2147483648
    },
    {
      "Message": "",
      "PostedDate": "2013-02-21T16:27:05.56-08:00",
      "Id": -2147483648
    },
    {
      "Message": "",
      "PostedDate": "2013-05-16T03:47:58.127-07:00",
      "Id": -2147483648
    }
  ]
}