{
  "WorkItem": {
    "AffectedComponent": {
      "Name": "",
      "DisplayName": ""
    },
    "ClosedComment": "Fixed in Changeset &#35;70899 .  first binary with this fix&#58; v1.3.0.6",
    "ClosedDate": "2011-11-10T08:18:16.4-08:00",
    "CommentCount": 0,
    "Custom": null,
    "Description": "Lets say I have the following element in my xml <foobar>0</foobar>.\n \n//foobar Highlights everything fine. //foobar/text() does not highlight the zero.",
    "LastUpdatedDate": "2013-05-16T03:47:51.36-07:00",
    "PlannedForRelease": "",
    "ReleaseVisibleToPublic": false,
    "Priority": {
      "Name": "Low",
      "Severity": 50,
      "Id": 1
    },
    "ProjectName": "XPathVisualizer",
    "ReportedDate": "2011-11-09T05:38:50.31-08:00",
    "Status": {
      "Name": "Closed",
      "Id": 4
    },
    "ReasonClosed": {
      "Name": "Unassigned"
    },
    "Summary": "One character xpath results are not highlighted",
    "Type": {
      "Name": "Issue",
      "Id": 3
    },
    "VoteCount": 1,
    "Id": 7427
  },
  "FileAttachments": [],
  "Comments": [
    {
      "Message": "A one character fix to a one character box\r\n\r\n\r\nC:\\...ng\\Documents\\Visual Studio 2010\\Projects\\XPathVisualizer\\XPathVisualizer>svn dif\r\nIndex: Tool/XPathVisualizerTool.cs\r\n===================================================================\r\n--- Tool/XPathVisualizerTool.cs (revision 70884)\r\n+++ Tool/XPathVisualizerTool.cs (working copy)\r\n@@ -953,7 +953,7 @@\r\n                     }\r\n\r\n                     // do we need to remember this one?\r\n-                    if (ix2 > ix)\r\n+                    if (ix2 >= ix)\r\n                     {\r\n                         // Record the location of the match within the doc.\r\n                         Trace(\"match({0},{1})\", ix, ix2);\r\n\r\nC:\\...ng\\Documents\\Visual Studio 2010\\Projects\\XPathVisualizer\\XPathVisualizer>",
      "PostedDate": "2011-11-09T15:06:58.34-08:00",
      "Id": -2147483648
    },
    {
      "Message": "",
      "PostedDate": "2011-11-10T08:18:16.4-08:00",
      "Id": -2147483648
    },
    {
      "Message": "",
      "PostedDate": "2013-02-21T16:26:57.703-08:00",
      "Id": -2147483648
    },
    {
      "Message": "",
      "PostedDate": "2013-05-16T03:47:51.36-07:00",
      "Id": -2147483648
    }
  ]
}