{
  "WorkItem": {
    "AffectedComponent": {
      "Name": "",
      "DisplayName": ""
    },
    "ClosedComment": "implemented in changeset 32606.  First binary 1.1.0.17",
    "ClosedDate": "2009-12-01T14:06:11.117-08:00",
    "CommentCount": 0,
    "Custom": null,
    "Description": "In some cases the user wants to just ignore namespaces in the XML when performing queries.",
    "LastUpdatedDate": "2013-05-16T03:47:59.843-07:00",
    "PlannedForRelease": "",
    "ReleaseVisibleToPublic": false,
    "Priority": {
      "Name": "Low",
      "Severity": 50,
      "Id": 1
    },
    "ProjectName": "XPathVisualizer",
    "ReportedDate": "2009-09-21T13:44:18.023-07:00",
    "Status": {
      "Name": "Closed",
      "Id": 4
    },
    "ReasonClosed": {
      "Name": "Unassigned"
    },
    "Summary": "Add an option to ignore or strip namespaces from the XML",
    "Type": {
      "Name": "Issue",
      "Id": 3
    },
    "VoteCount": 1,
    "Id": 2767
  },
  "FileAttachments": [],
  "Comments": []
}