{
  "WorkItem": {
    "AffectedComponent": {
      "Name": "",
      "DisplayName": ""
    },
    "ClosedComment": "implemented in changeset 66836.  The first binary version with this change is v1.3.0.3",
    "ClosedDate": "2011-05-21T11:33:08.997-07:00",
    "CommentCount": 0,
    "Custom": null,
    "Description": "Put into the help file:  \na suggestion that if the autoevaluate doesn't work, just press enter in the box.",
    "LastUpdatedDate": "2013-05-16T03:47:52.21-07:00",
    "PlannedForRelease": "",
    "ReleaseVisibleToPublic": false,
    "Priority": {
      "Name": "Low",
      "Severity": 50,
      "Id": 1
    },
    "ProjectName": "XPathVisualizer",
    "ReportedDate": "2011-05-21T08:35:40.477-07:00",
    "Status": {
      "Name": "Closed",
      "Id": 4
    },
    "ReasonClosed": {
      "Name": "Unassigned"
    },
    "Summary": "Autoevalate of query sometimes needs help",
    "Type": {
      "Name": "Issue",
      "Id": 3
    },
    "VoteCount": 1,
    "Id": 6694
  },
  "FileAttachments": [],
  "Comments": []
}