{
  "WorkItem": {
    "AffectedComponent": {
      "Name": "",
      "DisplayName": ""
    },
    "ClosedComment": "Implemented in Changeset &#35;70901.  First binary that will contain this feature&#58; v1.3.0.6",
    "ClosedDate": "2011-11-10T09:46:04.27-08:00",
    "CommentCount": 0,
    "Custom": null,
    "Description": "It seems intuitive.",
    "LastUpdatedDate": "2013-05-16T03:47:51.233-07:00",
    "PlannedForRelease": "",
    "ReleaseVisibleToPublic": false,
    "Priority": {
      "Name": "Low",
      "Severity": 50,
      "Id": 1
    },
    "ProjectName": "XPathVisualizer",
    "ReportedDate": "2011-11-09T15:42:23.03-08:00",
    "Status": {
      "Name": "Closed",
      "Id": 4
    },
    "ReasonClosed": {
      "Name": "Unassigned"
    },
    "Summary": "The contents of the edit menu should be available as a right click context menu in the Xml RTF box",
    "Type": {
      "Name": "Issue",
      "Id": 3
    },
    "VoteCount": 1,
    "Id": 7429
  },
  "FileAttachments": [],
  "Comments": [
    {
      "Message": "I agree with that.",
      "PostedDate": "2011-11-10T08:20:13.68-08:00",
      "Id": -2147483648
    },
    {
      "Message": "",
      "PostedDate": "2011-11-10T09:46:04.27-08:00",
      "Id": -2147483648
    },
    {
      "Message": "",
      "PostedDate": "2013-02-21T16:26:57.543-08:00",
      "Id": -2147483648
    },
    {
      "Message": "",
      "PostedDate": "2013-05-16T03:47:51.233-07:00",
      "Id": -2147483648
    }
  ]
}