{
  "WorkItem": {
    "AffectedComponent": {
      "Name": "",
      "DisplayName": ""
    },
    "ClosedComment": "not an issue.",
    "ClosedDate": "2010-05-28T09:52:26.387-07:00",
    "CommentCount": 0,
    "Custom": null,
    "Description": "For quick and handy tools, such as this, I prefer them to be portable so that I can have them in my USB flashdrive 'toolkit'. I'm not sure if the MSI does any background installation, but I would recommend distributing as zip file as its simple for users (preferable to some like me), and also simpler for you*\n \nAlternatively you can distribute as an MSI and include a note or similar saying that it can be made portable by extracting EXE+DLL files etc\n \n* I noticed the verison I just downloaded (1.2.1.6 I think) installs to a folder called XPath Visualizer 1.1",
    "LastUpdatedDate": "2013-05-16T03:47:53.873-07:00",
    "PlannedForRelease": "",
    "ReleaseVisibleToPublic": false,
    "Priority": {
      "Name": "Low",
      "Severity": 50,
      "Id": 1
    },
    "ProjectName": "XPathVisualizer",
    "ReportedDate": "2010-05-19T10:14:31.3-07:00",
    "Status": {
      "Name": "Closed",
      "Id": 4
    },
    "ReasonClosed": {
      "Name": "Unassigned"
    },
    "Summary": "Distribute in portable format (i.e. zip file)",
    "Type": {
      "Name": "Issue",
      "Id": 3
    },
    "VoteCount": 1,
    "Id": 4674
  },
  "FileAttachments": [],
  "Comments": [
    {
      "Message": "Seems like a very reasonable request.  ",
      "PostedDate": "2010-05-20T08:18:32.137-07:00",
      "Id": -2147483648
    },
    {
      "Message": "Hmm, now I know why i thought it was so reasonable.  I already package the tool as a zip.  Find it on the downloads page. http://xpathvisualizer.codeplex.com/releases/view/42941  The binary zip is the second download.  There's also a source zip, which you probably don't want. \r\n\r\nLet me know if that zip file is not satisfactory, like if it's missing a dependency or something. \r\n\r\n",
      "PostedDate": "2010-05-20T08:34:54.09-07:00",
      "Id": -2147483648
    },
    {
      "Message": "",
      "PostedDate": "2010-05-28T09:52:26.387-07:00",
      "Id": -2147483648
    },
    {
      "Message": "",
      "PostedDate": "2013-02-21T16:27:01.543-08:00",
      "Id": -2147483648
    },
    {
      "Message": "",
      "PostedDate": "2013-05-16T03:47:53.873-07:00",
      "Id": -2147483648
    }
  ]
}