{
  "WorkItem": {
    "AffectedComponent": {
      "Name": "",
      "DisplayName": ""
    },
    "ClosedComment": "fixed in changeset 66934",
    "ClosedDate": "2011-05-24T15:04:17.61-07:00",
    "CommentCount": 0,
    "Custom": null,
    "Description": "Given this document: \n \n<?xml version=\"1.0\" encoding=\"utf-16\"?>\n<xforms:instance xmlns:xforms=\"http://www.w3.org/2002/xforms\" id=\"Instance\">\n          {//xforms:instance[@id=\"Instance\"][ .= \"Code\" ]}\n          <Code>blah</Code>\n</xforms:instance>\n \nAnd this query: \n \n/xforms:instance/text()\n \nThe result is: \nhttp://i.imgur.com/N4bkw.png",
    "LastUpdatedDate": "2013-05-16T03:47:51.803-07:00",
    "PlannedForRelease": "",
    "ReleaseVisibleToPublic": false,
    "Priority": {
      "Name": "Low",
      "Severity": 50,
      "Id": 1
    },
    "ProjectName": "XPathVisualizer",
    "ReportedDate": "2011-05-24T14:46:02.56-07:00",
    "Status": {
      "Name": "Closed",
      "Id": 4
    },
    "ReasonClosed": {
      "Name": "Unassigned"
    },
    "Summary": "text nodes are not highlighted properly",
    "Type": {
      "Name": "Issue",
      "Id": 3
    },
    "VoteCount": 1,
    "Id": 6714
  },
  "FileAttachments": [],
  "Comments": []
}