{
  "WorkItem": {
    "AffectedComponent": {
      "Name": "",
      "DisplayName": ""
    },
    "ClosedComment": "Latest changes in Changeset &#35;70944. I think this is all done now. ",
    "ClosedDate": "2011-11-13T07:47:00.817-08:00",
    "CommentCount": 0,
    "Custom": null,
    "Description": "The new menustrip is lovely; can we make it auto-hide?",
    "LastUpdatedDate": "2013-05-16T03:47:51.66-07:00",
    "PlannedForRelease": "",
    "ReleaseVisibleToPublic": false,
    "Priority": {
      "Name": "Low",
      "Severity": 50,
      "Id": 1
    },
    "ProjectName": "XPathVisualizer",
    "ReportedDate": "2011-05-25T07:27:59.047-07:00",
    "Status": {
      "Name": "Closed",
      "Id": 4
    },
    "ReasonClosed": {
      "Name": "Unassigned"
    },
    "Summary": "Make menustrip autohide",
    "Type": {
      "Name": "Issue",
      "Id": 3
    },
    "VoteCount": 1,
    "Id": 6720
  },
  "FileAttachments": [],
  "Comments": [
    {
      "Message": "This feature is horrible - no way to disable auto-hide. It reappears every time I click 'Alt' - so basically every time I change my keyboard layout. It reappears every time mouse pointer goes near it... \r\nAfter 10 minutes I was nearing state of mind to go on the murderous rampage.",
      "PostedDate": "2011-06-07T04:51:44.967-07:00",
      "Id": -2147483648
    },
    {
      "Message": "Hmm, well what should it do instead?  Would it be better to not activate it with the mouse position?  \r\n\r\nIs it not acceptable to popup the menustrip with the ALT key?    Why?  I don't really get your remark \"every time I change my keyboard layout\".  I don't know what that means.  I don't know how ALT is used to change keyboard layouts.  Is the menustrip not appearing solely when you are using the xpathvisualizer tool? \r\n\r\nHelp me understand this.\r\n\r\n\r\n\r\n",
      "PostedDate": "2011-06-07T09:16:25.25-07:00",
      "Id": -2147483648
    },
    {
      "Message": "Ok, first of all, sorry if I came out as harsh - this is excellent tool and I very much appreciate your work)\r\nAbout the whole \"Alt\" busyness - take Win Explorer's behavior for example - It shows menu only on \"button released\" event and if _only_ Alt was pressed. And yes, in bilingual countries many people use \"Alt\" button in some combination to change keyboard layout.\r\nUsing mouse is ok, I guess, but not if you trying to select input box with it only to find out that menu bar popped out, so you move your mouse pointed downwards. So the whole process very much resembles pixel-hunting :( So it's not very usable practically.\r\nThe simplest solution would be to disable auto-hide altogether or make it optional.\r\nP.S.\r\nI could not pinpoint exact cause, but sometimes during query input whole line suddenly becomes blank, erasing everything I entered. \r\nAnd the whole \"no extra spaces\" is pretty annoying - I don't exactly used to program erasing what I entered.\r\nP.P.S.\r\nI realize that this is all UI issues, but they can sometimes make all the difference.",
      "PostedDate": "2011-06-11T04:17:27.79-07:00",
      "Id": -2147483648
    },
    {
      "Message": "No problem Zotov, I appreciate the input.  I see what you mean about how annoying autohide can be.  I think you're right, I've removed it. \r\n\r\nNow the menu appears and disappears only on ALT key up.  If you could test out the next version when it's available, and let me know what you think,  I'd appreciate it. ",
      "PostedDate": "2011-06-11T09:19:05.577-07:00",
      "Id": -2147483648
    },
    {
      "Message": "I like the new not auto-hiding behavior.",
      "PostedDate": "2011-11-11T13:27:14.797-08:00",
      "Id": -2147483648
    },
    {
      "Message": "Perhaps pressing alt when the menu is hidden should both show the menu and activate it.",
      "PostedDate": "2011-11-11T20:15:50.777-08:00",
      "Id": -2147483648
    },
    {
      "Message": "",
      "PostedDate": "2011-11-13T07:47:00.817-08:00",
      "Id": -2147483648
    },
    {
      "Message": "",
      "PostedDate": "2013-02-21T16:26:58.2-08:00",
      "Id": -2147483648
    },
    {
      "Message": "",
      "PostedDate": "2013-05-16T03:47:51.66-07:00",
      "Id": -2147483648
    }
  ]
}