{
  "WorkItem": {
    "AffectedComponent": {
      "Name": "",
      "DisplayName": ""
    },
    "ClosedComment": "",
    "ClosedDate": null,
    "CommentCount": 0,
    "Custom": null,
    "Description": "Would be nice to have an XPath autocomplete function or helper capability. \neg, complete xpath functions, suggest node names (elements or attributes), etc.",
    "LastUpdatedDate": "2015-01-15T00:29:37.043-08:00",
    "PlannedForRelease": "",
    "ReleaseVisibleToPublic": false,
    "Priority": {
      "Name": "Low",
      "Severity": 50,
      "Id": 1
    },
    "ProjectName": "XPathVisualizer",
    "ReportedDate": "2009-09-25T19:20:26.077-07:00",
    "Status": {
      "Name": "Proposed",
      "Id": 1
    },
    "ReasonClosed": {
      "Name": "Unassigned"
    },
    "Summary": "XPath autocomplete/helper",
    "Type": {
      "Name": "Issue",
      "Id": 3
    },
    "VoteCount": 20,
    "Id": 2848
  },
  "FileAttachments": [],
  "Comments": []
}