{
  "WorkItem": {
    "AffectedComponent": {
      "Name": "",
      "DisplayName": ""
    },
    "ClosedComment": "fixed in changeset 66836.  The first binary version with this change is v1.3.0.3",
    "ClosedDate": "2011-05-21T11:32:26.13-07:00",
    "CommentCount": 0,
    "Custom": null,
    "Description": "Otherwise leading and trailing spaces can be present in the xpath query, unnecessarily. \n \nJust insert a call to Trim() .",
    "LastUpdatedDate": "2013-05-16T03:47:51.93-07:00",
    "PlannedForRelease": "",
    "ReleaseVisibleToPublic": false,
    "Priority": {
      "Name": "Low",
      "Severity": 50,
      "Id": 1
    },
    "ProjectName": "XPathVisualizer",
    "ReportedDate": "2011-05-21T10:32:58.56-07:00",
    "Status": {
      "Name": "Closed",
      "Id": 4
    },
    "ReasonClosed": {
      "Name": "Unassigned"
    },
    "Summary": "When pasting XPath into the box, need to trim it",
    "Type": {
      "Name": "Issue",
      "Id": 3
    },
    "VoteCount": 1,
    "Id": 6696
  },
  "FileAttachments": [],
  "Comments": []
}