{
  "WorkItem": {
    "AffectedComponent": {
      "Name": "",
      "DisplayName": ""
    },
    "ClosedComment": "Fixed in changeset 66830",
    "ClosedDate": "2011-05-21T10:14:36.63-07:00",
    "CommentCount": 0,
    "Custom": null,
    "Description": "See, for example: \n \n/cars/car/@*[contains(.,'KEYA')]/parent::*\n \nand\nhttp://i.imgur.com/O3BgY.png\n \nThis is in v1.3.0.2",
    "LastUpdatedDate": "2013-05-16T03:47:52.343-07:00",
    "PlannedForRelease": "",
    "ReleaseVisibleToPublic": false,
    "Priority": {
      "Name": "Low",
      "Severity": 50,
      "Id": 1
    },
    "ProjectName": "XPathVisualizer",
    "ReportedDate": "2011-05-21T08:34:42.89-07:00",
    "Status": {
      "Name": "Closed",
      "Id": 4
    },
    "ReasonClosed": {
      "Name": "Unassigned"
    },
    "Summary": "query that uses 'contains' gets flagged as invalid",
    "Type": {
      "Name": "Issue",
      "Id": 3
    },
    "VoteCount": 1,
    "Id": 6693
  },
  "FileAttachments": [],
  "Comments": [
    {
      "Message": "Actually, this was a really weird parse bug that has been in there for a while. \r\nThe left and right parens were switched somehow. Simple fix, will be in v1.3.0.3.",
      "PostedDate": "2011-05-21T10:03:55.773-07:00",
      "Id": -2147483648
    },
    {
      "Message": "",
      "PostedDate": "2011-05-21T10:14:36.63-07:00",
      "Id": -2147483648
    },
    {
      "Message": "",
      "PostedDate": "2013-02-21T16:26:59.147-08:00",
      "Id": -2147483648
    },
    {
      "Message": "",
      "PostedDate": "2013-05-16T03:47:52.343-07:00",
      "Id": -2147483648
    }
  ]
}