{
  "WorkItem": {
    "AffectedComponent": {
      "Name": "",
      "DisplayName": ""
    },
    "ClosedComment": "Fixed in Changeset &#35;42182.  First binary v1.2.1.6.  ",
    "ClosedDate": "2010-04-23T15:57:02.123-07:00",
    "CommentCount": 0,
    "Custom": null,
    "Description": "Extracting with the XPath expression \"//@*[string-length() > 5]\" from ...\n \n<root>\n<node attribute=\"/path/to/file?query=value\" />\n</root>\n \n... results in ...\n \n<root ><attribute=\"/path/to/file?query>value\"</attribute=\"/path/to/file?query>\n</root>\n \n... instead of the expected:\n \n<root><attribute>/path/to/file?query=value</attribute></root>\n \nSo invalid XML is generated!\n \nSo the here the last \"=\" is used as separator between the attributes name and value, even if the first \"=\" is significant, because an attributes name must not contain a \"=\"!",
    "LastUpdatedDate": "2013-05-16T03:47:54.31-07:00",
    "PlannedForRelease": "",
    "ReleaseVisibleToPublic": false,
    "Priority": {
      "Name": "Low",
      "Severity": 50,
      "Id": 1
    },
    "ProjectName": "XPathVisualizer",
    "ReportedDate": "2010-04-23T03:09:35.067-07:00",
    "Status": {
      "Name": "Closed",
      "Id": 4
    },
    "ReasonClosed": {
      "Name": "Unassigned"
    },
    "Summary": "invalid XML generated while extracting, because of invalid node attributes parsing",
    "Type": {
      "Name": "Issue",
      "Id": 3
    },
    "VoteCount": 1,
    "Id": 4308
  },
  "FileAttachments": [],
  "Comments": []
}