{
  "WorkItem": {
    "AffectedComponent": {
      "Name": "",
      "DisplayName": ""
    },
    "ClosedComment": "fixed in changeset  &#35;28024.  v1.1.0.8",
    "ClosedDate": "2009-09-21T23:41:41.85-07:00",
    "CommentCount": 0,
    "Custom": null,
    "Description": "Support paste of XML into the RichTextBox.",
    "LastUpdatedDate": "2013-05-16T03:47:59.987-07:00",
    "PlannedForRelease": "",
    "ReleaseVisibleToPublic": false,
    "Priority": {
      "Name": "Low",
      "Severity": 50,
      "Id": 1
    },
    "ProjectName": "XPathVisualizer",
    "ReportedDate": "2009-09-21T13:42:11.553-07:00",
    "Status": {
      "Name": "Closed",
      "Id": 4
    },
    "ReasonClosed": {
      "Name": "Unassigned"
    },
    "Summary": "Support cut-n-Paste into the XML textbox in the UI",
    "Type": {
      "Name": "Issue",
      "Id": 3
    },
    "VoteCount": 1,
    "Id": 2766
  },
  "FileAttachments": [],
  "Comments": []
}