{
  "WorkItem": {
    "AffectedComponent": {
      "Name": "",
      "DisplayName": ""
    },
    "ClosedComment": "implemented in changeset 66836.  The first binary version with this change is v1.3.0.3",
    "ClosedDate": "2011-05-21T11:32:47.12-07:00",
    "CommentCount": 0,
    "Custom": null,
    "Description": "Sometimes it is not clear which nodes have been selected. Using a distinct highlight for the \"current node\" will visually indicate it among all matching nodes.",
    "LastUpdatedDate": "2013-05-16T03:47:52.08-07:00",
    "PlannedForRelease": "",
    "ReleaseVisibleToPublic": false,
    "Priority": {
      "Name": "Low",
      "Severity": 50,
      "Id": 1
    },
    "ProjectName": "XPathVisualizer",
    "ReportedDate": "2011-05-21T10:31:49.03-07:00",
    "Status": {
      "Name": "Closed",
      "Id": 4
    },
    "ReasonClosed": {
      "Name": "Unassigned"
    },
    "Summary": "Should change highlighting as user scrolls",
    "Type": {
      "Name": "Issue",
      "Id": 3
    },
    "VoteCount": 1,
    "Id": 6695
  },
  "FileAttachments": [],
  "Comments": []
}