{
  "WorkItem": {
    "AffectedComponent": {
      "Name": "",
      "DisplayName": ""
    },
    "ClosedComment": "",
    "ClosedDate": null,
    "CommentCount": 0,
    "Custom": null,
    "Description": "Hello!\n\nTo compile the project you have to create Ionic.snk file in the folder containing XpathVisualizer-v1.3.0.6-src folder.\nUse the command \"sn -k Ionic.snk\" .\nMoreover in file MergedTool.csproj you have to change line:\n\n```\n    <Exec Command=\"\"$(ProgramFiles)\\Microsoft\\Ilmerge\\Ilmerge.exe\" /keyfile:..\\..\\Ionic.snk  /t:winexe  /out:\"$(IntermediateOutputPath)$(TargetFileName)\"  @(PrimaryAssembly) @(ProjectDllsToMerge -> '\"%(Fullpath)\"', ' ')  @(OtherDllsToMerge -> '\"%(Fullpath)\"', ' ') \" />\n```\n\nwith:\n\n```\n    <Exec Command=\"\"$(ProgramFiles)\\Microsoft\\Ilmerge\\Ilmerge.exe\" /keyfile:..\\..\\Ionic.snk  /t:winexe  /out:\"$(IntermediateOutputPath)$(TargetFileName)\"  \"@(PrimaryAssembly)\" @(ProjectDllsToMerge -> '\"%(Fullpath)\"', ' ')  @(OtherDllsToMerge -> '\"%(Fullpath)\"', ' ') \" />\n```\n\nGood Job!\n\nFilippo",
    "LastUpdatedDate": "2015-01-15T01:03:50.543-08:00",
    "PlannedForRelease": "",
    "ReleaseVisibleToPublic": false,
    "Priority": {
      "Name": "Unassigned",
      "Severity": 0,
      "Id": 0
    },
    "ProjectName": "XPathVisualizer",
    "ReportedDate": "2015-01-15T01:03:50.543-08:00",
    "Status": {
      "Name": "Proposed",
      "Id": 1
    },
    "ReasonClosed": {
      "Name": "Unassigned"
    },
    "Summary": "Compilation Tips",
    "Type": {
      "Name": "Unassigned",
      "Id": 5
    },
    "VoteCount": 1,
    "Id": 9489
  },
  "FileAttachments": [],
  "Comments": []
}