{
  "WorkItem": {
    "AffectedComponent": {
      "Name": "",
      "DisplayName": ""
    },
    "ClosedComment": "A cache was not being invalidated.  Fixed in workitem 32186.  First binary v1.1.0.12.   ",
    "ClosedDate": "2009-11-21T03:22:39.103-08:00",
    "CommentCount": 0,
    "Custom": null,
    "Description": "It's as if the formatter is using a cached version of the XML document. I can evaluate an XPath query, and an incorrect set of nodes gets highlighted. \nIf I then exit the tool and restart it, then run the query again, it works properly. \n \n-----\n \nsteps to repro: \n \n1. start the tool\n2. load an xml doc\n3. perform (eval) an xpath query that results in 2 or more matched nodes.\n4. in a separate, external text editor, modify the xml document.  Insert a new element between two of the matched nodes, or remove elements from between them. Then save the doc. \n5. back in the tool, load the document again\n6. eval the same query again\n7. voila!",
    "LastUpdatedDate": "2013-05-16T03:47:59.22-07:00",
    "PlannedForRelease": "",
    "ReleaseVisibleToPublic": false,
    "Priority": {
      "Name": "Low",
      "Severity": 50,
      "Id": 1
    },
    "ProjectName": "XPathVisualizer",
    "ReportedDate": "2009-11-20T10:30:21.29-08:00",
    "Status": {
      "Name": "Closed",
      "Id": 4
    },
    "ReasonClosed": {
      "Name": "Unassigned"
    },
    "Summary": "Externally modifying the XML doc, then reloading in the tool, causes strange effects",
    "Type": {
      "Name": "Issue",
      "Id": 3
    },
    "VoteCount": 1,
    "Id": 3386
  },
  "FileAttachments": [],
  "Comments": []
}