{
  "WorkItem": {
    "AffectedComponent": {
      "Name": "",
      "DisplayName": ""
    },
    "ClosedComment": "implemented in changeset 60195.  First binary that will contain this feature&#58; v1.2.1.7",
    "ClosedDate": "2010-12-21T22:04:42.783-08:00",
    "CommentCount": 0,
    "Custom": null,
    "Description": "I downloaded XPath Visualizer to try out my XPath query in a simpler way than pushing data through my .NET application. So I extracted my query from my source base, which is as follows:\n//eom:AttachmentList/eom:Attachment | //eom:ConsultationList//eom:Attachment\n \nI then loaded the input XML, and XPath Visualizer auto-identified the namespaces and gave them default prefixes (clever!). However I found it annoying that I could not rename this prefix. My XPath query has a number of references to my preferred prefix so it would be awkward to rename (or remove) the exisitng prefix. It would be simpler for me if I could rename the default 'ns1' prefix to 'eom'.\n \nTo workaround the problem I added eom as a second prefix for the same namespace, and this worked. Note that after clicking '+' to add the new prefix the 'namespace and prefixes' dialog auto-hid itself, whereas I would have expected it to remain expanded (that's only a minor observation though).",
    "LastUpdatedDate": "2013-05-16T03:47:54.033-07:00",
    "PlannedForRelease": "",
    "ReleaseVisibleToPublic": false,
    "Priority": {
      "Name": "Low",
      "Severity": 50,
      "Id": 1
    },
    "ProjectName": "XPathVisualizer",
    "ReportedDate": "2010-05-19T10:07:35.053-07:00",
    "Status": {
      "Name": "Closed",
      "Id": 4
    },
    "ReasonClosed": {
      "Name": "Unassigned"
    },
    "Summary": "Allow user to rename default namespace prefixes from ns1, ns2 etc",
    "Type": {
      "Name": "Issue",
      "Id": 3
    },
    "VoteCount": 2,
    "Id": 4673
  },
  "FileAttachments": [],
  "Comments": [
    {
      "Message": "In addition to the problems mentioned above I have also discovered that when your document contains more than one namespace and you try to remove one namespace from the list using the remove ('X') button always the last entry in the list gets removed, no matter which one you actually clicked. Along with the auto-hiding namespace panel that is a real annoyance.\r\n\r\nIf time permits I might try to submit a patch in the near future.",
      "PostedDate": "2010-06-21T02:47:49.267-07:00",
      "Id": -2147483648
    },
    {
      "Message": "Matt and Tkolwe, good finds.  I will implement fixes for these issues.",
      "PostedDate": "2010-11-05T14:08:37.867-07:00",
      "Id": -2147483648
    },
    {
      "Message": "",
      "PostedDate": "2010-12-21T22:04:42.783-08:00",
      "Id": -2147483648
    },
    {
      "Message": "",
      "PostedDate": "2013-02-21T16:27:01.737-08:00",
      "Id": -2147483648
    },
    {
      "Message": "",
      "PostedDate": "2013-05-16T03:47:54.033-07:00",
      "Id": -2147483648
    }
  ]
}