{
  "WorkItem": {
    "AffectedComponent": {
      "Name": "",
      "DisplayName": ""
    },
    "ClosedComment": "I think this is fixed in v1.2.1.0 ",
    "ClosedDate": "2010-04-19T08:18:32.48-07:00",
    "CommentCount": 0,
    "Custom": null,
    "Description": "Hello again,\n \nsometimes I miss the ability to \"search\" within a \"search\" result - XPath \"selected\" XML nodes.\n \nInternally this could be realized by having a kind of stack of XPaths to be evaluated in sequence and to let the next XPath expression be \"put\" onto the top of the stack of XPath expressions to be evaluated to select wanted XML nodes.\n \nThis stack could be e.g. visualized in a child window of the toplevel window with a listbox with \"remove\", \"top\", \"up\", \"down\", \"bottom\" buttons to reorganize this stack or history of XPaths.\n \nAnother possibility would be to allow to save the result as extract of the original XML and then to load this extract afterwards to start the next selection.\n \nBest regards,\n \nMartin Lemburg",
    "LastUpdatedDate": "2013-05-16T03:47:57.403-07:00",
    "PlannedForRelease": "",
    "ReleaseVisibleToPublic": false,
    "Priority": {
      "Name": "Low",
      "Severity": 50,
      "Id": 1
    },
    "ProjectName": "XPathVisualizer",
    "ReportedDate": "2009-11-29T12:19:46.86-08:00",
    "Status": {
      "Name": "Closed",
      "Id": 4
    },
    "ReasonClosed": {
      "Name": "Unassigned"
    },
    "Summary": "Allow \"cascade\" XPath expression evaluations - \"Search in Result\" feature ...",
    "Type": {
      "Name": "Issue",
      "Id": 3
    },
    "VoteCount": 1,
    "Id": 3491
  },
  "FileAttachments": [],
  "Comments": []
}