{
  "WorkItem": {
    "AffectedComponent": {
      "Name": "",
      "DisplayName": ""
    },
    "ClosedComment": "",
    "ClosedDate": null,
    "CommentCount": 0,
    "Custom": null,
    "Description": "I was thinking that perhaps you could add a nuget dependency to ilmerge (http://nuget.org/List/Packages/ilmerge)and modify that csproj file to merge from that copy of ilmerge? You can exclude that copy of ilmerge from being saved to version control, but people could just update their nuget dependencies to have a working solution.",
    "LastUpdatedDate": "2013-02-21T16:26:57.357-08:00",
    "PlannedForRelease": "",
    "ReleaseVisibleToPublic": false,
    "Priority": {
      "Name": "Low",
      "Severity": 50,
      "Id": 1
    },
    "ProjectName": "XPathVisualizer",
    "ReportedDate": "2011-11-09T21:10:49.86-08:00",
    "Status": {
      "Name": "Proposed",
      "Id": 1
    },
    "ReasonClosed": {
      "Name": "Unassigned"
    },
    "Summary": "Use the nuget package for ILMERGE instead of a hard coded path",
    "Type": {
      "Name": "Issue",
      "Id": 3
    },
    "VoteCount": 1,
    "Id": 7431
  },
  "FileAttachments": [],
  "Comments": [
    {
      "Message": "Sounds interesting, but I don't know what this means. \r\n\r\nOnce, for a different project, I looked into providing a nuget package. I found the process to be very poorly documented and obtuse. I asked a few questions and got no helpful answers. I dropped the effort.\r\n\r\nNuget seems like a good idea but for some reason I can't figure it out. \r\n\r\nI never bothered to learn how to consume a nuget package, and I am hesitant to invest more time in nuget, given my prior experience with it.   \r\n\r\nIf you gave me step-by-step instructions, I'd be open to doing the work. \r\n",
      "PostedDate": "2011-11-10T09:49:58.987-08:00",
      "Id": -2147483648
    },
    {
      "Message": "",
      "PostedDate": "2011-11-10T12:02:18.077-08:00",
      "Id": -2147483648
    },
    {
      "Message": "Cheeso,\r\n\r\nFirst of all consuming a nuget package is much easier then creating one, although ILMerge is a bit weirder. I'll send a patch or direction. However, how about the following:\r\n\r\n* Release and Debug solution targets don't build MergedTool\r\n* A new target called \"Release Merged\" that build the MergedTool.csproj and doesn't sign the assembly\r\n* A new target called \"Release Merged Signed\" that build the MergedTool.csproj and *does* sign the assembly.\r\n\r\nI just realized you don't ship the SNK (which if course is counterproductive unless you just want the assembly GACable)",
      "PostedDate": "2011-11-11T07:35:01.793-08:00",
      "Id": -2147483648
    },
    {
      "Message": "I have a simpler idea I will work on later and send you a patch for.",
      "PostedDate": "2011-11-11T10:19:00.42-08:00",
      "Id": -2147483648
    },
    {
      "Message": "Cheeso,\r\n\r\nCan you review the patch I set?\r\n\r\nJustin",
      "PostedDate": "2011-11-18T07:12:49.623-08:00",
      "Id": -2147483648
    },
    {
      "Message": "",
      "PostedDate": "2013-02-21T16:26:57.357-08:00",
      "Id": -2147483648
    }
  ]
}