{
  "WorkItem": {
    "AffectedComponent": {
      "Name": "",
      "DisplayName": ""
    },
    "ClosedComment": "implemented in changeset 60202.  The first binary that will have this feature will be v1.2.1.7",
    "ClosedDate": "2010-12-21T23:41:36.12-08:00",
    "CommentCount": 0,
    "Custom": null,
    "Description": "from Loxxlay:\n \nHi,\n \ni have a suggestions to your tool. It would be create if it take a file name as parameter on open the tool. So you can choose the tool on default opening xml-documents. It would save a lot of additional work if you deal often with xml documents, like me. :)\n \ngreetings\n \nTino",
    "LastUpdatedDate": "2013-05-16T03:47:53.58-07:00",
    "PlannedForRelease": "",
    "ReleaseVisibleToPublic": false,
    "Priority": {
      "Name": "Low",
      "Severity": 50,
      "Id": 1
    },
    "ProjectName": "XPathVisualizer",
    "ReportedDate": "2010-10-23T10:06:01.667-07:00",
    "Status": {
      "Name": "Closed",
      "Id": 4
    },
    "ReasonClosed": {
      "Name": "Unassigned"
    },
    "Summary": "Support command-line parameters on exe startup",
    "Type": {
      "Name": "Issue",
      "Id": 3
    },
    "VoteCount": 1,
    "Id": 5748
  },
  "FileAttachments": [],
  "Comments": []
}