{
  "WorkItem": {
    "AffectedComponent": {
      "Name": "",
      "DisplayName": ""
    },
    "ClosedComment": "",
    "ClosedDate": null,
    "CommentCount": 0,
    "Custom": null,
    "Description": "something like htmltidy?",
    "LastUpdatedDate": "2013-02-21T16:27:03.87-08:00",
    "PlannedForRelease": "",
    "ReleaseVisibleToPublic": false,
    "Priority": {
      "Name": "Low",
      "Severity": 50,
      "Id": 1
    },
    "ProjectName": "XPathVisualizer",
    "ReportedDate": "2010-03-31T16:26:23.21-07:00",
    "Status": {
      "Name": "Proposed",
      "Id": 1
    },
    "ReasonClosed": {
      "Name": "Unassigned"
    },
    "Summary": "Consider how to support poorly-formatted HTML - a convert-to-XHTML option?",
    "Type": {
      "Name": "Issue",
      "Id": 3
    },
    "VoteCount": 1,
    "Id": 4232
  },
  "FileAttachments": [],
  "Comments": [
    {
      "Message": "Some tools that work with XML (e.g., Beyond Compare) just call to tidy and load the result. Maybe the same can be done here? ",
      "PostedDate": "2011-04-06T17:18:52.26-07:00",
      "Id": -2147483648
    },
    {
      "Message": "interesting idea - how would that work?  hmm, let me think....for a normal application, installed with an MSI, this tool would have to look in the Windows registry to see if it is installed.  But I think htmltidy is not a \"normal\" app - as far as I know there is no way to determine if it is installed automatically.   So the tool would have to allow the user to specify a location for htmltidy.exe and just invoke it. \r\n\r\nThe UI for this would work better if implemented at the same time as http://xpathvisualizer.codeplex.com/workitem/4276 .  \r\n",
      "PostedDate": "2011-04-13T09:09:36.353-07:00",
      "Id": -2147483648
    },
    {
      "Message": "",
      "PostedDate": "2013-02-21T16:27:03.87-08:00",
      "Id": -2147483648
    }
  ]
}