[
  {
    "Id": "0",
    "Name": "XPathVisualizer 1.3.0.5",
    "DevelopmentStatus": "Stable",
    "Description": "Update release.  The current revision is v1.3.0.5\n\n* Move to conventional menu-based User Interface\n* Help file provides guidance within the tool\n* Automatic XPath evaluation (workitem 6517)\n* source release includes new installer project based on WIX\n* niftier scrolling through matches\n* fixed bug in XPath scanner - it previously hiccupped on function calls.",
    "ReleasedDatge": "0001-01-01T00:00:00",
    "ModifiedDate": "2011-11-10T11:59:34.6-08:00",
    "Files": [
      {
        "Id": "8b225752-ebf4-4660-b54b-02927f988ee4",
        "FileName": "XPathVisualizer-v1.3.msi",
        "Url": "./0/8b225752-ebf4-4660-b54b-02927f988ee4",
        "Type": "Application",
        "UploadDate": "2011-06-11T10:12:50.123-07:00"
      },
      {
        "Id": "9c1d4b41-5e73-4bb1-bf60-0a2e95a5f5ff",
        "FileName": "XpathVisualizer-v1.3.0.5-bin.zip",
        "Url": "./0/9c1d4b41-5e73-4bb1-bf60-0a2e95a5f5ff",
        "Type": "Application",
        "UploadDate": "2011-06-11T10:12:50.187-07:00"
      },
      {
        "Id": "366ae007-3cb4-4de9-ba06-c4ddb0a6ee7c",
        "FileName": "XpathVisualizer-v1.3.0.5-src.zip",
        "Url": "./0/366ae007-3cb4-4de9-ba06-c4ddb0a6ee7c",
        "Type": "Source Code",
        "UploadDate": "2011-06-11T10:12:50.217-07:00"
      }
    ]
  },
  {
    "Id": "1",
    "Name": "XPathVisualizer v1.2",
    "DevelopmentStatus": "Stable",
    "Description": "Last updated 22 December 2010.   The current version is v1.2.1.8.\n\nincludes new features:\n\n* line numbering that works (ctrl-L to toggle)\n* tabbed interface for dealing with multiple documents\n* Ctrl-E shortcut key for extractg the selected nodes into a new tab\n* Ctrl-S shortcut key for Saving the XML file\n* Ctrl-F shortcut for re-formatting (indenting) the file\n* Right-click popup list of most-recently used xpath expressions\n* automatically applies the default XML namespace into xpath queries, optionally\n* can modify any contrived xmlns prefix\n* will load xml file specified on the command line",
    "ReleasedDatge": "0001-01-01T00:00:00",
    "ModifiedDate": "2010-12-22T07:08:43.963-08:00",
    "Files": [
      {
        "Id": "fc1d292d-e698-4ece-b0f4-43860641984c",
        "FileName": "XPathVisualizer-v1.2.msi",
        "Url": "./1/fc1d292d-e698-4ece-b0f4-43860641984c",
        "Type": "Application",
        "UploadDate": "2010-12-22T07:08:43.603-08:00"
      },
      {
        "Id": "5abc9d4b-ec40-4a44-be92-70fbb01780b8",
        "FileName": "XpathVisualizer-v1.2.1.8-bin.zip",
        "Url": "./1/5abc9d4b-ec40-4a44-be92-70fbb01780b8",
        "Type": "Application",
        "UploadDate": "2010-12-22T07:08:43.65-08:00"
      },
      {
        "Id": "79b50126-03d4-4056-82ae-8722aede02c6",
        "FileName": "XpathVisualizer-v1.2.1.8-src.zip",
        "Url": "./1/79b50126-03d4-4056-82ae-8722aede02c6",
        "Type": "Source Code",
        "UploadDate": "2010-12-22T07:08:43.697-08:00"
      }
    ]
  },
  {
    "Id": "2",
    "Name": "XPathVisualizer v1.1",
    "DevelopmentStatus": "Stable",
    "Description": "The current release is v1.1.0.24, from 2010 March 31.\n\nThis tool requires .NET v3.5 in order to run.  \n\n*You do not need to download the source in order to use the tool.*\n\n----\n\nThis release includes:\n* asynchronous highlighting for a responsive UI.  \n* runtime syntax checking of xpath, as you type.\n* Re-indent (prettify) of XML\n* collapsible panel for the XML namespaces\n* repeating button (scroll) for the xpath matches\n* loading from file or HTTP\n* line number display of the XML document\n* handling XHTML, or other DTDs\nBug fixes:\n* v1.1.0.11 - [workitem:3381]\n* v1.1.0.12 - [workitem:3386]\n* v1.1.0.13 - [workitem:3391]\n* v1.1.0.14 - [workitem:3392]\n* v1.1.0.15 - [workitem:3482]\n* v1.1.0.16 - [workitem:3500]\n* v1.1.0.17 - [workitem:2767]\n* v1.1.0.18 - [workitem:3490]\n* v1.1.0.19 - [workitem:3503]\n* v1.1.0.24 - [workitem:4231]\n\nThis release includes 3 downloads: \n* *XPathVisualizer-v1.1-bin.zip* - A zip containing the .exe file.  The tool is simple and can run with \"xcopy deployment.\"  Just extract the EXE to your local filesystem and run it.  \n* *XPathVisualizer-v1.1.msi* -  Useful if you want an uninstall option to remove the registry keys associated with the app.  The app uses the registry to store previous settings like window geometry, most recent xpath expression, etc.\n* *XPathVisualizer-v1.1-src.zip* -  Download this if you want to examine the source code.",
    "ReleasedDatge": "0001-01-01T00:00:00",
    "ModifiedDate": "2010-04-01T02:21:00.38-07:00",
    "Files": [
      {
        "Id": "d952d8e8-8c18-4f92-b03e-f0d76bb6be1f",
        "FileName": "XPathVisualizer-v1.1.msi",
        "Url": "./2/d952d8e8-8c18-4f92-b03e-f0d76bb6be1f",
        "Type": "Application",
        "UploadDate": "2010-04-01T02:20:59.77-07:00"
      },
      {
        "Id": "358812e3-fefb-4606-8e29-e8d17ad41bb5",
        "FileName": "XpathVisualizer-v1.1-bin.zip",
        "Url": "./2/358812e3-fefb-4606-8e29-e8d17ad41bb5",
        "Type": "Application",
        "UploadDate": "2010-04-01T02:20:59.847-07:00"
      },
      {
        "Id": "cc271165-999b-4ef8-bcd4-f04befff4cfa",
        "FileName": "XpathVisualizer-v1.1-src.zip",
        "Url": "./2/cc271165-999b-4ef8-bcd4-f04befff4cfa",
        "Type": "Source Code",
        "UploadDate": "2010-04-01T02:20:59.863-07:00"
      }
    ]
  },
  {
    "Id": "3",
    "Name": "XPathVisualizer v1.3 Latest",
    "DevelopmentStatus": "Stable",
    "Description": "This is v1.3.0.6 of XpathVisualizer.\n\nThis is an update release for v1.3.  These workitems have been fixed since v1.3.0.5:\n\n* [workitem:7429]\n* [workitem:7432]\n* [workitem:7427]",
    "ReleasedDatge": "0001-01-01T00:00:00",
    "ModifiedDate": "2011-11-10T12:00:31.193-08:00",
    "Files": [
      {
        "Id": "e684148c-65ac-4657-b3bc-a0bfb633268e",
        "FileName": "XPathVisualizer-v1.3.msi",
        "Url": "./3/e684148c-65ac-4657-b3bc-a0bfb633268e",
        "Type": "Application",
        "UploadDate": "2011-11-10T11:58:46.647-08:00"
      },
      {
        "Id": "57246612-daa7-4f28-8e9f-fc4f40b172ca",
        "FileName": "XpathVisualizer-v1.3.0.6-bin.zip",
        "Url": "./3/57246612-daa7-4f28-8e9f-fc4f40b172ca",
        "Type": "Application",
        "UploadDate": "2011-11-10T11:58:46.413-08:00"
      },
      {
        "Id": "53fd4ee0-afeb-4016-96ef-467174dead9f",
        "FileName": "XpathVisualizer-v1.3.0.6-src.zip",
        "Url": "./3/53fd4ee0-afeb-4016-96ef-467174dead9f",
        "Type": "Source Code",
        "UploadDate": "2011-11-10T11:58:46.583-08:00"
      }
    ]
  }
]