[
  {
    "Title": "Documentation",
    "Id": "424640",
    "ParentWikiTitle": "Documentation",
    "FileExtension": "codeplexwiki",
    "UpdatedDate": "2011-05-16T19:23:52.45-07:00",
    "FileAttachments": [
      {
        "Id": "e870a51f-b9ec-4631-aa51-811a00d87000",
        "FileName": "XPV-matchNavigator.png",
        "DownloadUri": "./424640/e870a51f-b9ec-4631-aa51-811a00d87000"
      },
      {
        "Id": "80008eda-edca-4c2b-9244-60b19975bb2a",
        "FileName": "XPV-browse.png",
        "DownloadUri": "./424640/80008eda-edca-4c2b-9244-60b19975bb2a"
      },
      {
        "Id": "65333280-2d12-492c-9979-d189aabcbdb4",
        "FileName": "XPV-Load.png",
        "DownloadUri": "./424640/65333280-2d12-492c-9979-d189aabcbdb4"
      },
      {
        "Id": "221b4d3a-d985-463a-9bae-ec6cb16c5ffb",
        "FileName": "XPV-NodesMatched.png",
        "DownloadUri": "./424640/221b4d3a-d985-463a-9bae-ec6cb16c5ffb"
      },
      {
        "Id": "b730189a-dfcf-42cb-be70-be1b8d4d0ff5",
        "FileName": "xpv-UnknownXPathFunction.png",
        "DownloadUri": "./424640/b730189a-dfcf-42cb-be70-be1b8d4d0ff5"
      },
      {
        "Id": "b6024c7a-b009-4c59-bfad-dba47ef9727a",
        "FileName": "xpv-plus.png",
        "DownloadUri": "./424640/b6024c7a-b009-4c59-bfad-dba47ef9727a"
      },
      {
        "Id": "92144be4-aa7f-4b5c-aaf0-e064cd7ee24d",
        "FileName": "xpv-x.png",
        "DownloadUri": "./424640/92144be4-aa7f-4b5c-aaf0-e064cd7ee24d"
      },
      {
        "Id": "547516fd-2a90-4369-958c-3c43dd71a5de",
        "FileName": "xpv-eval.png",
        "DownloadUri": "./424640/547516fd-2a90-4369-958c-3c43dd71a5de"
      },
      {
        "Id": "c58f61f4-62ba-479e-97cf-6b788fa7c159",
        "FileName": "xpv-popup.png",
        "DownloadUri": "./424640/c58f61f4-62ba-479e-97cf-6b788fa7c159"
      },
      {
        "Id": "fb42cdb2-c8da-4142-a37c-4194917fda33",
        "FileName": "xpv-indent.png",
        "DownloadUri": "./424640/fb42cdb2-c8da-4142-a37c-4194917fda33"
      },
      {
        "Id": "017d093b-59b4-449f-9b56-ec615ab97fef",
        "FileName": "xpv-strip.png",
        "DownloadUri": "./424640/017d093b-59b4-449f-9b56-ec615ab97fef"
      },
      {
        "Id": "40acfab7-d089-4f94-b8ed-950d55fffe9d",
        "FileName": "xpv-saveas.png",
        "DownloadUri": "./424640/40acfab7-d089-4f94-b8ed-950d55fffe9d"
      },
      {
        "Id": "c48e1f58-4514-49ad-a6a1-cb737a13759f",
        "FileName": "xpv-remove.png",
        "DownloadUri": "./424640/c48e1f58-4514-49ad-a6a1-cb737a13759f"
      }
    ]
  },
  {
    "Title": "Home",
    "Id": "424639",
    "ParentWikiTitle": "Home",
    "FileExtension": "codeplexwiki",
    "UpdatedDate": "2011-05-16T19:18:52.897-07:00",
    "FileAttachments": [
      {
        "Id": "14d53187-0a88-4617-8342-24567ed7b38d",
        "FileName": "NodesCaptured.png",
        "DownloadUri": "./424639/14d53187-0a88-4617-8342-24567ed7b38d"
      },
      {
        "Id": "4db1cd47-b44e-4271-879a-8e9fd1e780a5",
        "FileName": "UnknownXPathFunction.png",
        "DownloadUri": "./424639/4db1cd47-b44e-4271-879a-8e9fd1e780a5"
      },
      {
        "Id": "be14025d-ab60-4558-ab76-abe8b1301fff",
        "FileName": "XPathVisualizer-v1.1.Png",
        "DownloadUri": "./424639/be14025d-ab60-4558-ab76-abe8b1301fff"
      },
      {
        "Id": "42fa0d22-4f08-49b5-9f8b-eb67c9caea46",
        "FileName": "XPathVisualizer-v1.2.Png",
        "DownloadUri": "./424639/42fa0d22-4f08-49b5-9f8b-eb67c9caea46"
      },
      {
        "Id": "1bdce086-feea-4dd9-8c10-927a9155a55a",
        "FileName": "XPathVisualizer-v1.3.png",
        "DownloadUri": "./424639/1bdce086-feea-4dd9-8c10-927a9155a55a"
      }
    ]
  }
]
